emergency_id,patient_locality_id,patient_locality_name,emergency_type_id,emergency_type,hospital_id,hospital_name,admission_datetime,distance_km,travel_time_min,hospital_wait_time_min,bed_type_assigned,required_specialty,ambulance_used,outcome,admission_status
EM0001,L14,Pokhariput,E02,Road Traffic Accident / Trauma,H04,AIIMS Bhubaneswar,2026-05-10 07:14,4.55,8.8,21.3,ICU,Trauma Surgery/Orthopedics,No,Stabilized & Admitted,Admitted
EM0002,L42,Balugaon,E06,Pediatric Emergency,H23,Hi-Tech Medical College & Hospital,2026-09-06 17:05,70.06,212.4,22.1,ICU,Pediatrics,Yes,Stabilized & Admitted,Admitted
EM0003,L48,Angulapada,E07,Severe Burns,H01,Capital Hospital,2026-03-24 06:14,17.48,40.0,32.9,ICU,Plastic Surgery/Burns Unit,No,Stabilized & Admitted,Admitted
EM0004,L10,Kalinga Nagar,E04,Severe Respiratory Distress,H05,ESI Hospital Bhubaneswar,2026-04-20 22:41,0.0,3.0,32.9,ICU,Pulmonology,Yes,Stabilized & Admitted,Admitted
EM0005,L14,Pokhariput,E02,Road Traffic Accident / Trauma,H10,Apollo Hospitals,2026-06-23 18:17,5.04,12.4,22.6,ICU,Trauma Surgery/Orthopedics,No,Referred to Another Hospital,Referred
EM0006,L37,Balipatna,E02,Road Traffic Accident / Trauma,H01,Capital Hospital,2026-09-23 05:44,10.12,20.0,27.5,ICU,Trauma Surgery/Orthopedics,No,Stabilized & Admitted,Admitted
EM0007,L13,Vani Vihar,E04,Severe Respiratory Distress,H02,B.M.C Hospital,2026-04-25 10:06,0.78,3.0,29.2,ICU,Pulmonology,Yes,Referred to Another Hospital,Referred
EM0008,L24,Raghunathpur,E04,Severe Respiratory Distress,H14,CARE Hospitals Bhubaneswar,2026-05-28 19:16,3.64,10.1,16.6,ICU,Pulmonology,No,Stabilized & Admitted,Admitted
EM0009,L45,Nirakarpur,E08,Poisoning / Overdose,H29,CDR Hospital,2026-07-16 03:59,34.9,78.7,35.4,ICU,General Medicine/Toxicology,Yes,Stabilized & Admitted,Admitted
EM0010,L43,Chilika,E05,Obstetric Emergency,H04,AIIMS Bhubaneswar,2026-08-08 19:56,85.93,230.6,21.9,ICU,Obstetrics & Gynecology,No,Treated & Discharged,OPD/Discharged
EM0011,L15,Sundarpada,E04,Severe Respiratory Distress,H37,Aditya Care Hospital,2026-08-28 02:02,4.0,10.5,34.2,ICU,Pulmonology,No,Stabilized & Admitted,Admitted
EM0012,L13,Vani Vihar,E02,Road Traffic Accident / Trauma,H01,Capital Hospital,2026-03-21 07:55,3.06,10.5,28.7,ICU,Trauma Surgery/Orthopedics,Yes,Stabilized & Admitted,Admitted
EM0013,L04,Jaydev Vihar,E02,Road Traffic Accident / Trauma,H10,Apollo Hospitals,2026-08-10 11:10,0.68,3.0,15.8,ICU,Trauma Surgery/Orthopedics,Yes,Referred to Another Hospital,Referred
EM0014,L47,Arugul,E01,Cardiac Arrest / Heart Attack,H23,Hi-Tech Medical College & Hospital,2026-05-08 22:59,6.1,15.8,21.3,ICU,Cardiology,No,Stabilized & Admitted,Admitted
EM0015,L13,Vani Vihar,E02,Road Traffic Accident / Trauma,H12,SUM Ultimate Medicare Hospital,2026-08-10 05:34,4.56,8.9,18.3,ICU,Trauma Surgery/Orthopedics,Yes,Stabilized & Admitted,Admitted
EM0016,L27,Barimunda,E04,Severe Respiratory Distress,H14,CARE Hospitals Bhubaneswar,2026-06-06 08:59,2.93,5.7,22.9,ICU,Pulmonology,Yes,Deceased,Deceased
EM0017,L34,Jatani,E05,Obstetric Emergency,H23,Hi-Tech Medical College & Hospital,2026-08-23 10:53,8.68,22.2,29.8,ICU,Obstetrics & Gynecology,Yes,Stabilized & Admitted,Admitted
EM0018,L42,Balugaon,E02,Road Traffic Accident / Trauma,H10,Apollo Hospitals,2026-09-27 01:51,76.27,166.5,20.1,ICU,Trauma Surgery/Orthopedics,No,Stabilized & Admitted,Admitted
EM0019,L12,Unit VI,E02,Road Traffic Accident / Trauma,H01,Capital Hospital,2026-04-24 18:56,0.0,3.0,34.2,ICU,Trauma Surgery/Orthopedics,Yes,Stabilized & Admitted,Admitted
EM0020,L07,Khandagiri,E01,Cardiac Arrest / Heart Attack,H25,AMRI Hospitals,2026-07-06 12:56,0.0,3.0,22.8,ICU,Cardiology,Yes,Referred to Another Hospital,Referred
EM0021,L16,Acharya Vihar,E01,Cardiac Arrest / Heart Attack,H18,Vivekanand Hospital Bhubaneswar,2026-05-07 04:15,1.73,4.8,39.9,ICU,Cardiology,Yes,Referred to Another Hospital,Referred
EM0022,L26,Andharua,E02,Road Traffic Accident / Trauma,H04,AIIMS Bhubaneswar,2026-09-08 18:27,8.34,20.3,25.3,ICU,Trauma Surgery/Orthopedics,No,Referred to Another Hospital,Referred
EM0023,L17,Aerodrome Area,E01,Cardiac Arrest / Heart Attack,H16,Utkal Hospital,2026-04-26 04:32,2.31,5.6,38.5,ICU,Cardiology,No,Stabilized & Admitted,Admitted
EM0024,L35,Khordha,E06,Pediatric Emergency,H25,AMRI Hospitals,2026-03-29 04:40,18.56,49.8,23.4,ICU,Pediatrics,No,Referred to Another Hospital,Referred
EM0025,L30,Lingaraj Nagar,E04,Severe Respiratory Distress,H07,Municipal Hospital Old Town,2026-07-31 02:24,1.67,7.8,37.2,ICU,Pulmonology,No,Deceased,Deceased
EM0026,L28,Mancheswar,E02,Road Traffic Accident / Trauma,H01,Capital Hospital,2026-07-14 08:35,6.5,22.2,32.8,ICU,Trauma Surgery/Orthopedics,No,Stabilized & Admitted,Admitted
EM0027,L27,Barimunda,E07,Severe Burns,H13,KIMS / Pradyumna Bal Memorial Hospital,2026-09-01 03:43,5.17,9.0,27.5,ICU,Plastic Surgery/Burns Unit,Yes,Referred to Another Hospital,Referred
EM0028,L08,Bomikhal,E02,Road Traffic Accident / Trauma,H01,Capital Hospital,2026-09-13 20:21,2.08,7.6,26.3,ICU,Trauma Surgery/Orthopedics,No,Stabilized & Admitted,Admitted
EM0029,L15,Sundarpada,E03,Stroke,H25,AMRI Hospitals,2026-06-25 00:46,2.79,9.7,27.1,ICU,Neurology,No,Stabilized & Admitted,Admitted
EM0030,L09,Rasulgarh,E01,Cardiac Arrest / Heart Attack,H17,Sunshine Hospital,2026-07-07 05:32,0.0,3.0,21.6,ICU,Cardiology,No,Stabilized & Admitted,Admitted
EM0031,L10,Kalinga Nagar,E01,Cardiac Arrest / Heart Attack,H34,Odisha Comprehensive Cancer Centre,2026-05-16 20:32,0.08,4.3,26.6,ICU,Cardiology,No,Stabilized & Admitted,Admitted
EM0032,L16,Acharya Vihar,E07,Severe Burns,H10,Apollo Hospitals,2026-09-12 05:34,1.69,3.1,18.7,ICU,Plastic Surgery/Burns Unit,No,Stabilized & Admitted,Admitted
EM0033,L27,Barimunda,E02,Road Traffic Accident / Trauma,H12,SUM Ultimate Medicare Hospital,2026-03-01 19:20,3.27,11.1,15.4,ICU,Trauma Surgery/Orthopedics,Yes,Stabilized & Admitted,Admitted
EM0034,L47,Arugul,E04,Severe Respiratory Distress,H19,Usthi Hospital,2026-06-01 09:15,10.03,24.0,41.0,ICU,Pulmonology,Yes,Stabilized & Admitted,Admitted
EM0035,L36,Balianta,E02,Road Traffic Accident / Trauma,H12,SUM Ultimate Medicare Hospital,2026-03-21 02:46,13.54,47.6,25.5,ICU,Trauma Surgery/Orthopedics,Yes,Referred to Another Hospital,Referred
EM0036,L16,Acharya Vihar,E05,Obstetric Emergency,H18,Vivekanand Hospital Bhubaneswar,2026-09-11 17:49,1.73,3.0,31.9,ICU,Obstetrics & Gynecology,No,Referred to Another Hospital,Referred
EM0037,L07,Khandagiri,E06,Pediatric Emergency,H25,AMRI Hospitals,2026-07-19 05:16,0.0,3.0,22.1,ICU,Pediatrics,Yes,Stabilized & Admitted,Admitted
EM0038,L13,Vani Vihar,E08,Poisoning / Overdose,H02,B.M.C Hospital,2026-04-24 17:48,0.78,4.2,30.1,ICU,General Medicine/Toxicology,No,Stabilized & Admitted,Admitted
EM0039,L41,Banapur,E04,Severe Respiratory Distress,H25,AMRI Hospitals,2026-05-19 12:42,74.41,166.3,16.8,ICU,Pulmonology,No,Stabilized & Admitted,Admitted
EM0040,L12,Unit VI,E04,Severe Respiratory Distress,H01,Capital Hospital,2026-07-11 14:07,0.0,3.0,22.5,ICU,Pulmonology,Yes,Stabilized & Admitted,Admitted
EM0041,L26,Andharua,E05,Obstetric Emergency,H24,Kalinga Hospital,2026-03-06 18:35,6.97,18.4,24.9,ICU,Obstetrics & Gynecology,Yes,Stabilized & Admitted,Admitted
EM0042,L17,Aerodrome Area,E01,Cardiac Arrest / Heart Attack,H07,Municipal Hospital Old Town,2026-03-19 22:40,2.31,6.2,27.2,ICU,Cardiology,Yes,Deceased,Deceased
EM0043,L28,Mancheswar,E01,Cardiac Arrest / Heart Attack,H12,SUM Ultimate Medicare Hospital,2026-03-09 10:04,3.96,11.2,22.1,ICU,Cardiology,No,Referred to Another Hospital,Referred
EM0044,L12,Unit VI,E02,Road Traffic Accident / Trauma,H01,Capital Hospital,2026-07-03 06:34,0.0,3.0,22.4,ICU,Trauma Surgery/Orthopedics,No,Stabilized & Admitted,Admitted
EM0045,L35,Khordha,E02,Road Traffic Accident / Trauma,H04,AIIMS Bhubaneswar,2026-07-25 18:30,23.1,75.3,31.0,ICU,Trauma Surgery/Orthopedics,No,Stabilized & Admitted,Admitted
EM0046,L41,Banapur,E02,Road Traffic Accident / Trauma,H01,Capital Hospital,2026-06-13 06:06,80.85,233.2,22.7,ICU,Trauma Surgery/Orthopedics,No,Stabilized & Admitted,Admitted
EM0047,L09,Rasulgarh,E02,Road Traffic Accident / Trauma,H01,Capital Hospital,2026-06-17 13:29,2.59,9.1,32.6,ICU,Trauma Surgery/Orthopedics,No,Referred to Another Hospital,Referred
EM0048,L24,Raghunathpur,E01,Cardiac Arrest / Heart Attack,H35,Ankura Hospital for Women & Children,2026-08-15 20:06,2.86,4.4,23.2,ICU,Cardiology,Yes,Stabilized & Admitted,Admitted
EM0049,L08,Bomikhal,E06,Pediatric Emergency,H26,Vikash Hospital Bhubaneswar,2026-09-21 03:15,0.0,3.1,39.4,ICU,Pediatrics,Yes,Stabilized & Admitted,Admitted
EM0050,L46,Kaipadar,E01,Cardiac Arrest / Heart Attack,H19,Usthi Hospital,2026-04-05 13:11,30.45,91.8,42.7,ICU,Cardiology,Yes,Stabilized & Admitted,Admitted
EM0051,L30,Lingaraj Nagar,E01,Cardiac Arrest / Heart Attack,H07,Municipal Hospital Old Town,2026-03-20 14:51,1.67,4.4,28.9,ICU,Cardiology,Yes,Stabilized & Admitted,Admitted
EM0052,L44,Jankia,E06,Pediatric Emergency,H13,KIMS / Pradyumna Bal Memorial Hospital,2026-03-13 20:34,26.49,57.9,28.4,ICU,Pediatrics,Yes,Stabilized & Admitted,Admitted
EM0053,L46,Kaipadar,E01,Cardiac Arrest / Heart Attack,H19,Usthi Hospital,2026-09-09 07:10,30.45,70.0,29.1,ICU,Cardiology,Yes,Stabilized & Admitted,Admitted
EM0054,L08,Bomikhal,E05,Obstetric Emergency,H01,Capital Hospital,2026-06-11 01:10,2.08,6.8,24.7,ICU,Obstetrics & Gynecology,Yes,Stabilized & Admitted,Admitted
EM0055,L34,Jatani,E06,Pediatric Emergency,H07,Municipal Hospital Old Town,2026-05-07 14:18,15.88,47.2,38.0,ICU,Pediatrics,No,Stabilized & Admitted,Admitted
EM0056,L21,Tamando,E01,Cardiac Arrest / Heart Attack,H19,Usthi Hospital,2026-09-17 17:42,7.61,24.5,45.3,ICU,Cardiology,Yes,Stabilized & Admitted,Admitted
EM0057,L31,Dhauli,E02,Road Traffic Accident / Trauma,H01,Capital Hospital,2026-05-15 06:03,8.68,18.6,30.8,ICU,Trauma Surgery/Orthopedics,No,Stabilized & Admitted,Admitted
EM0058,L02,Chandrasekharpur,E04,Severe Respiratory Distress,H24,Kalinga Hospital,2026-09-08 10:03,0.0,3.0,32.8,ICU,Pulmonology,Yes,Stabilized & Admitted,Admitted
EM0059,L34,Jatani,E02,Road Traffic Accident / Trauma,H01,Capital Hospital,2026-07-14 05:03,18.57,61.2,31.2,ICU,Trauma Surgery/Orthopedics,Yes,Stabilized & Admitted,Admitted
EM0060,L37,Balipatna,E03,Stroke,H26,Vikash Hospital Bhubaneswar,2026-04-17 02:38,8.79,16.4,28.3,ICU,Neurology,Yes,Deceased,Deceased
EM0061,L21,Tamando,E03,Stroke,H21,Bijaya Multispeciality Hospital,2026-06-12 03:56,5.39,21.2,30.2,ICU,Neurology,Yes,Stabilized & Admitted,Admitted
EM0062,L26,Andharua,E02,Road Traffic Accident / Trauma,H13,KIMS / Pradyumna Bal Memorial Hospital,2026-03-11 19:05,1.34,5.3,25.5,ICU,Trauma Surgery/Orthopedics,Yes,Stabilized & Admitted,Admitted
EM0063,L40,Tangi,E08,Poisoning / Overdose,H23,Hi-Tech Medical College & Hospital,2026-07-12 10:59,21.94,59.2,32.0,ICU,General Medicine/Toxicology,Yes,Stabilized & Admitted,Admitted
EM0064,L38,Begunia,E03,Stroke,H25,AMRI Hospitals,2026-05-20 07:16,36.94,107.6,15.8,ICU,Neurology,No,Deceased,Deceased
EM0065,L03,Nayapalli,E05,Obstetric Emergency,H18,Vivekanand Hospital Bhubaneswar,2026-05-16 14:20,0.0,3.0,25.6,ICU,Obstetrics & Gynecology,Yes,Treated & Discharged,OPD/Discharged
EM0066,L35,Khordha,E06,Pediatric Emergency,H23,Hi-Tech Medical College & Hospital,2026-03-03 14:39,16.36,38.2,22.1,ICU,Pediatrics,Yes,Stabilized & Admitted,Admitted
EM0067,L15,Sundarpada,E02,Road Traffic Accident / Trauma,H10,Apollo Hospitals,2026-03-19 17:13,6.47,17.9,19.6,ICU,Trauma Surgery/Orthopedics,Yes,Deceased,Deceased
EM0068,L02,Chandrasekharpur,E02,Road Traffic Accident / Trauma,H12,SUM Ultimate Medicare Hospital,2026-05-29 02:56,1.58,3.0,22.1,ICU,Trauma Surgery/Orthopedics,Yes,Referred to Another Hospital,Referred
EM0069,L03,Nayapalli,E01,Cardiac Arrest / Heart Attack,H10,Apollo Hospitals,2026-06-21 17:45,0.34,3.0,14.6,ICU,Cardiology,No,Stabilized & Admitted,Admitted
EM0070,L23,Chandaka,E06,Pediatric Emergency,H13,KIMS / Pradyumna Bal Memorial Hospital,2026-09-23 20:33,0.0,4.9,27.2,ICU,Pediatrics,Yes,Referred to Another Hospital,Referred
EM0071,L18,Airport Area,E03,Stroke,H16,Utkal Hospital,2026-05-16 21:06,2.2,11.0,26.3,ICU,Neurology,Yes,Stabilized & Admitted,Admitted
EM0072,L28,Mancheswar,E03,Stroke,H34,Odisha Comprehensive Cancer Centre,2026-03-30 03:47,3.92,7.0,25.2,ICU,Neurology,Yes,Stabilized & Admitted,Admitted
EM0073,L41,Banapur,E04,Severe Respiratory Distress,H21,Bijaya Multispeciality Hospital,2026-08-02 06:45,76.71,186.7,25.7,ICU,Pulmonology,Yes,Stabilized & Admitted,Admitted
EM0074,L18,Airport Area,E01,Cardiac Arrest / Heart Attack,H15,Aditya Ashwini Hospital,2026-05-07 16:31,1.95,8.1,36.7,ICU,Cardiology,Yes,Stabilized & Admitted,Admitted
EM0075,L50,Bhimpur,E06,Pediatric Emergency,H23,Hi-Tech Medical College & Hospital,2026-03-14 02:40,3.55,14.5,25.0,ICU,Pediatrics,No,Treated & Discharged,OPD/Discharged
EM0076,L26,Andharua,E03,Stroke,H13,KIMS / Pradyumna Bal Memorial Hospital,2026-03-01 10:49,1.34,3.4,25.6,ICU,Neurology,No,Stabilized & Admitted,Admitted
EM0077,L44,Jankia,E01,Cardiac Arrest / Heart Attack,H23,Hi-Tech Medical College & Hospital,2026-04-11 23:28,23.2,76.0,25.3,ICU,Cardiology,Yes,Stabilized & Admitted,Admitted
EM0078,L40,Tangi,E06,Pediatric Emergency,H23,Hi-Tech Medical College & Hospital,2026-03-03 03:04,21.94,54.5,21.0,ICU,Pediatrics,No,Stabilized & Admitted,Admitted
EM0079,L21,Tamando,E04,Severe Respiratory Distress,H29,CDR Hospital,2026-04-08 17:02,5.39,13.9,50.3,ICU,Pulmonology,Yes,Referred to Another Hospital,Referred
EM0080,L06,Old Town,E02,Road Traffic Accident / Trauma,H12,SUM Ultimate Medicare Hospital,2026-04-07 13:08,10.97,25.6,21.7,ICU,Trauma Surgery/Orthopedics,No,Stabilized & Admitted,Admitted
EM0081,L31,Dhauli,E02,Road Traffic Accident / Trauma,H01,Capital Hospital,2026-09-20 01:57,8.68,28.7,24.9,ICU,Trauma Surgery/Orthopedics,Yes,Stabilized & Admitted,Admitted
EM0082,L30,Lingaraj Nagar,E04,Severe Respiratory Distress,H16,Utkal Hospital,2026-08-18 03:22,1.67,7.3,28.5,ICU,Pulmonology,No,Stabilized & Admitted,Admitted
EM0083,L27,Barimunda,E02,Road Traffic Accident / Trauma,H04,AIIMS Bhubaneswar,2026-06-13 19:47,5.03,15.2,21.9,ICU,Trauma Surgery/Orthopedics,Yes,Stabilized & Admitted,Admitted
EM0084,L50,Bhimpur,E06,Pediatric Emergency,H16,Utkal Hospital,2026-04-11 05:56,3.81,16.0,29.1,ICU,Pediatrics,No,Stabilized & Admitted,Admitted
EM0085,L11,Baramunda,E03,Stroke,H21,Bijaya Multispeciality Hospital,2026-05-25 13:51,0.0,3.0,36.5,ICU,Neurology,Yes,Referred to Another Hospital,Referred
EM0086,L30,Lingaraj Nagar,E05,Obstetric Emergency,H06,Railway Hospital Bhubaneswar,2026-05-03 08:10,2.87,9.8,25.4,ICU,Obstetrics & Gynecology,No,Stabilized & Admitted,Admitted
EM0087,L17,Aerodrome Area,E01,Cardiac Arrest / Heart Attack,H07,Municipal Hospital Old Town,2026-03-10 15:14,2.31,3.8,40.8,ICU,Cardiology,No,Referred to Another Hospital,Referred
EM0088,L25,Kalarahanga,E06,Pediatric Emergency,H35,Ankura Hospital for Women & Children,2026-05-29 09:52,3.42,14.5,26.3,ICU,Pediatrics,Yes,Stabilized & Admitted,Admitted
EM0089,L21,Tamando,E04,Severe Respiratory Distress,H29,CDR Hospital,2026-03-07 21:12,5.39,11.3,35.2,ICU,Pulmonology,Yes,Stabilized & Admitted,Admitted
EM0090,L30,Lingaraj Nagar,E01,Cardiac Arrest / Heart Attack,H20,IGKC Multispecialty Hospital,2026-03-18 08:22,2.67,7.0,26.7,ICU,Cardiology,Yes,Stabilized & Admitted,Admitted
EM0091,L11,Baramunda,E01,Cardiac Arrest / Heart Attack,H21,Bijaya Multispeciality Hospital,2026-07-16 10:01,0.0,3.0,23.4,ICU,Cardiology,Yes,Deceased,Deceased
EM0092,L41,Banapur,E02,Road Traffic Accident / Trauma,H04,AIIMS Bhubaneswar,2026-04-15 18:16,79.08,249.6,23.7,ICU,Trauma Surgery/Orthopedics,Yes,Referred to Another Hospital,Referred
EM0093,L36,Balianta,E07,Severe Burns,H04,AIIMS Bhubaneswar,2026-05-28 23:50,14.47,49.2,20.2,ICU,Plastic Surgery/Burns Unit,No,Stabilized & Admitted,Admitted
EM0094,L42,Balugaon,E07,Severe Burns,H12,SUM Ultimate Medicare Hospital,2026-07-09 03:24,77.01,214.5,17.1,ICU,Plastic Surgery/Burns Unit,Yes,Stabilized & Admitted,Admitted
EM0095,L27,Barimunda,E01,Cardiac Arrest / Heart Attack,H14,CARE Hospitals Bhubaneswar,2026-03-12 22:27,2.93,5.4,22.1,ICU,Cardiology,Yes,Stabilized & Admitted,Admitted
EM0096,L07,Khandagiri,E02,Road Traffic Accident / Trauma,H10,Apollo Hospitals,2026-07-16 21:46,6.34,25.6,30.4,ICU,Trauma Surgery/Orthopedics,No,Stabilized & Admitted,Admitted
EM0097,L09,Rasulgarh,E02,Road Traffic Accident / Trauma,H12,SUM Ultimate Medicare Hospital,2026-04-20 11:27,6.77,17.0,28.9,ICU,Trauma Surgery/Orthopedics,Yes,Referred to Another Hospital,Referred
EM0098,L13,Vani Vihar,E08,Poisoning / Overdose,H02,B.M.C Hospital,2026-05-24 19:20,0.78,5.1,37.1,ICU,General Medicine/Toxicology,Yes,Stabilized & Admitted,Admitted
EM0099,L49,Balianta Rural,E08,Poisoning / Overdose,H27,Apex Hospital,2026-05-16 16:19,12.48,27.7,34.8,ICU,General Medicine/Toxicology,Yes,Treated & Discharged,OPD/Discharged
EM0100,L22,Aiginia,E06,Pediatric Emergency,H19,Usthi Hospital,2026-08-26 09:35,4.68,11.1,29.9,ICU,Pediatrics,Yes,Treated & Discharged,OPD/Discharged
EM0101,L08,Bomikhal,E06,Pediatric Emergency,H26,Vikash Hospital Bhubaneswar,2026-06-06 21:47,0.0,3.0,30.9,ICU,Pediatrics,No,Stabilized & Admitted,Admitted
EM0102,L40,Tangi,E01,Cardiac Arrest / Heart Attack,H21,Bijaya Multispeciality Hospital,2026-05-17 12:35,25.08,54.5,29.1,ICU,Cardiology,No,Stabilized & Admitted,Admitted
EM0103,L03,Nayapalli,E05,Obstetric Emergency,H11,Manipal Hospitals Bhubaneswar,2026-04-23 13:50,0.66,3.0,21.2,ICU,Obstetrics & Gynecology,No,Treated & Discharged,OPD/Discharged
EM0104,L43,Chilika,E03,Stroke,H23,Hi-Tech Medical College & Hospital,2026-06-28 14:28,77.93,189.9,31.3,ICU,Neurology,Yes,Stabilized & Admitted,Admitted
EM0105,L22,Aiginia,E06,Pediatric Emergency,H19,Usthi Hospital,2026-09-20 23:10,4.68,12.3,31.2,ICU,Pediatrics,Yes,Treated & Discharged,OPD/Discharged
EM0106,L37,Balipatna,E02,Road Traffic Accident / Trauma,H23,Hi-Tech Medical College & Hospital,2026-08-17 20:39,16.94,39.2,31.2,ICU,Trauma Surgery/Orthopedics,Yes,Referred to Another Hospital,Referred
EM0107,L12,Unit VI,E01,Cardiac Arrest / Heart Attack,H01,Capital Hospital,2026-09-09 07:43,0.0,3.7,21.0,ICU,Cardiology,No,Stabilized & Admitted,Admitted
EM0108,L13,Vani Vihar,E08,Poisoning / Overdose,H02,B.M.C Hospital,2026-04-07 00:02,0.78,5.8,30.3,ICU,General Medicine/Toxicology,No,Stabilized & Admitted,Admitted
EM0109,L08,Bomikhal,E04,Severe Respiratory Distress,H28,Padma Hospital,2026-09-13 02:29,1.9,6.8,38.2,ICU,Pulmonology,Yes,Stabilized & Admitted,Admitted
EM0110,L42,Balugaon,E01,Cardiac Arrest / Heart Attack,H21,Bijaya Multispeciality Hospital,2026-04-19 22:44,72.4,191.5,29.9,ICU,Cardiology,No,Referred to Another Hospital,Referred
EM0111,L48,Angulapada,E06,Pediatric Emergency,H21,Bijaya Multispeciality Hospital,2026-04-07 20:44,13.46,36.5,20.0,ICU,Pediatrics,No,Stabilized & Admitted,Admitted
EM0112,L10,Kalinga Nagar,E02,Road Traffic Accident / Trauma,H12,SUM Ultimate Medicare Hospital,2026-09-14 03:49,0.0,3.3,35.2,ICU,Trauma Surgery/Orthopedics,Yes,Referred to Another Hospital,Referred
EM0113,L34,Jatani,E04,Severe Respiratory Distress,H23,Hi-Tech Medical College & Hospital,2026-08-26 16:29,8.68,21.8,21.6,ICU,Pulmonology,Yes,Stabilized & Admitted,Admitted
EM0114,L03,Nayapalli,E08,Poisoning / Overdose,H09,Government Hospital Nayapalli,2026-04-01 14:08,0.0,3.0,29.4,ICU,General Medicine/Toxicology,Yes,Treated & Discharged,OPD/Discharged
EM0115,L48,Angulapada,E02,Road Traffic Accident / Trauma,H10,Apollo Hospitals,2026-07-22 19:20,17.31,40.3,24.1,ICU,Trauma Surgery/Orthopedics,No,Referred to Another Hospital,Referred
EM0116,L01,Patia,E02,Road Traffic Accident / Trauma,H13,KIMS / Pradyumna Bal Memorial Hospital,2026-08-04 23:57,7.5,19.5,28.2,ICU,Trauma Surgery/Orthopedics,No,Deceased,Deceased
EM0117,L13,Vani Vihar,E08,Poisoning / Overdose,H09,Government Hospital Nayapalli,2026-07-19 14:57,1.37,7.2,31.9,ICU,General Medicine/Toxicology,Yes,Stabilized & Admitted,Admitted
EM0118,L28,Mancheswar,E04,Severe Respiratory Distress,H22,Health Village Hospital,2026-06-24 08:48,3.96,16.0,24.6,ICU,Pulmonology,Yes,Referred to Another Hospital,Referred
EM0119,L14,Pokhariput,E02,Road Traffic Accident / Trauma,H23,Hi-Tech Medical College & Hospital,2026-09-13 16:31,6.34,20.6,24.8,ICU,Trauma Surgery/Orthopedics,No,Stabilized & Admitted,Admitted
EM0120,L46,Kaipadar,E01,Cardiac Arrest / Heart Attack,H23,Hi-Tech Medical College & Hospital,2026-03-20 22:18,26.18,61.5,30.6,ICU,Cardiology,Yes,Referred to Another Hospital,Referred
EM0121,L08,Bomikhal,E01,Cardiac Arrest / Heart Attack,H26,Vikash Hospital Bhubaneswar,2026-07-17 02:08,0.0,3.0,28.0,ICU,Cardiology,No,Stabilized & Admitted,Admitted
EM0122,L37,Balipatna,E02,Road Traffic Accident / Trauma,H01,Capital Hospital,2026-04-09 22:13,10.12,31.3,27.3,ICU,Trauma Surgery/Orthopedics,Yes,Referred to Another Hospital,Referred
EM0123,L28,Mancheswar,E02,Road Traffic Accident / Trauma,H10,Apollo Hospitals,2026-07-17 14:26,4.88,16.5,23.7,ICU,Trauma Surgery/Orthopedics,No,Stabilized & Admitted,Admitted
EM0124,L13,Vani Vihar,E03,Stroke,H11,Manipal Hospitals Bhubaneswar,2026-06-08 18:44,0.82,6.5,13.8,ICU,Neurology,Yes,Referred to Another Hospital,Referred
EM0125,L01,Patia,E06,Pediatric Emergency,H35,Ankura Hospital for Women & Children,2026-07-26 12:30,0.0,4.2,24.7,ICU,Pediatrics,Yes,Stabilized & Admitted,Admitted
EM0126,L18,Airport Area,E04,Severe Respiratory Distress,H15,Aditya Ashwini Hospital,2026-09-09 12:54,1.95,6.9,33.1,ICU,Pulmonology,No,Stabilized & Admitted,Admitted
EM0127,L37,Balipatna,E05,Obstetric Emergency,H02,B.M.C Hospital,2026-07-16 23:47,12.88,30.8,33.6,ICU,Obstetrics & Gynecology,Yes,Treated & Discharged,OPD/Discharged
EM0128,L06,Old Town,E01,Cardiac Arrest / Heart Attack,H07,Municipal Hospital Old Town,2026-04-26 15:14,0.0,3.0,30.3,ICU,Cardiology,Yes,Stabilized & Admitted,Admitted
EM0129,L21,Tamando,E01,Cardiac Arrest / Heart Attack,H23,Hi-Tech Medical College & Hospital,2026-06-08 10:42,5.25,16.2,20.1,ICU,Cardiology,No,Stabilized & Admitted,Admitted
EM0130,L17,Aerodrome Area,E02,Road Traffic Accident / Trauma,H01,Capital Hospital,2026-04-12 14:58,3.05,7.8,25.5,ICU,Trauma Surgery/Orthopedics,No,Stabilized & Admitted,Admitted
EM0131,L33,Janla,E01,Cardiac Arrest / Heart Attack,H23,Hi-Tech Medical College & Hospital,2026-03-07 12:37,6.1,21.1,25.7,ICU,Cardiology,Yes,Deceased,Deceased
EM0132,L06,Old Town,E01,Cardiac Arrest / Heart Attack,H16,Utkal Hospital,2026-08-12 13:08,0.0,3.0,31.7,ICU,Cardiology,No,Stabilized & Admitted,Admitted
EM0133,L43,Chilika,E08,Poisoning / Overdose,H19,Usthi Hospital,2026-05-06 12:20,82.09,172.7,26.3,ICU,General Medicine/Toxicology,No,Stabilized & Admitted,Admitted
EM0134,L08,Bomikhal,E02,Road Traffic Accident / Trauma,H01,Capital Hospital,2026-09-11 12:17,2.08,6.4,24.1,ICU,Trauma Surgery/Orthopedics,No,Referred to Another Hospital,Referred
EM0135,L08,Bomikhal,E05,Obstetric Emergency,H06,Railway Hospital Bhubaneswar,2026-05-04 02:30,2.46,9.3,28.5,ICU,Obstetrics & Gynecology,Yes,Treated & Discharged,OPD/Discharged
EM0136,L19,Jagamara,E02,Road Traffic Accident / Trauma,H10,Apollo Hospitals,2026-05-29 07:41,6.08,21.8,15.6,ICU,Trauma Surgery/Orthopedics,Yes,Stabilized & Admitted,Admitted
EM0137,L27,Barimunda,E05,Obstetric Emergency,H03,Central Hospital East Coast Railway,2026-03-11 00:15,2.93,14.0,22.5,ICU,Obstetrics & Gynecology,Yes,Referred to Another Hospital,Referred
EM0138,L17,Aerodrome Area,E01,Cardiac Arrest / Heart Attack,H06,Railway Hospital Bhubaneswar,2026-04-09 07:08,3.02,7.0,31.5,ICU,Cardiology,No,Stabilized & Admitted,Admitted
EM0139,L39,Bolagarh,E02,Road Traffic Accident / Trauma,H23,Hi-Tech Medical College & Hospital,2026-04-25 14:44,41.8,104.7,22.6,ICU,Trauma Surgery/Orthopedics,No,Stabilized & Admitted,Admitted
EM0140,L20,Dumduma,E02,Road Traffic Accident / Trauma,H04,AIIMS Bhubaneswar,2026-08-03 19:47,7.27,21.3,17.8,ICU,Trauma Surgery/Orthopedics,Yes,Deceased,Deceased
EM0141,L12,Unit VI,E04,Severe Respiratory Distress,H20,IGKC Multispecialty Hospital,2026-04-11 09:06,0.76,5.2,36.1,ICU,Pulmonology,No,Stabilized & Admitted,Admitted
EM0142,L35,Khordha,E06,Pediatric Emergency,H21,Bijaya Multispeciality Hospital,2026-07-26 21:58,20.75,54.4,31.6,ICU,Pediatrics,No,Stabilized & Admitted,Admitted
EM0143,L12,Unit VI,E02,Road Traffic Accident / Trauma,H01,Capital Hospital,2026-08-31 06:04,0.0,3.0,27.6,ICU,Trauma Surgery/Orthopedics,Yes,Referred to Another Hospital,Referred
EM0144,L03,Nayapalli,E02,Road Traffic Accident / Trauma,H10,Apollo Hospitals,2026-05-02 03:44,0.34,4.6,19.1,ICU,Trauma Surgery/Orthopedics,Yes,Stabilized & Admitted,Admitted
EM0145,L32,Sisupalgarh,E04,Severe Respiratory Distress,H07,Municipal Hospital Old Town,2026-08-01 03:50,3.18,10.9,30.3,ICU,Pulmonology,No,Stabilized & Admitted,Admitted
EM0146,L15,Sundarpada,E06,Pediatric Emergency,H19,Usthi Hospital,2026-05-28 17:27,3.19,9.9,38.3,ICU,Pediatrics,No,Referred to Another Hospital,Referred
EM0147,L01,Patia,E05,Obstetric Emergency,H24,Kalinga Hospital,2026-08-13 10:00,0.78,3.0,15.2,ICU,Obstetrics & Gynecology,Yes,Stabilized & Admitted,Admitted
EM0148,L47,Arugul,E01,Cardiac Arrest / Heart Attack,H19,Usthi Hospital,2026-03-28 13:23,10.03,25.1,32.9,ICU,Cardiology,Yes,Stabilized & Admitted,Admitted
EM0149,L24,Raghunathpur,E07,Severe Burns,H01,Capital Hospital,2026-08-29 04:27,12.28,32.6,19.6,ICU,Plastic Surgery/Burns Unit,Yes,Stabilized & Admitted,Admitted
EM0150,L10,Kalinga Nagar,E01,Cardiac Arrest / Heart Attack,H05,ESI Hospital Bhubaneswar,2026-08-14 08:39,0.0,3.0,25.8,ICU,Cardiology,Yes,Deceased,Deceased
EM0151,L24,Raghunathpur,E02,Road Traffic Accident / Trauma,H04,AIIMS Bhubaneswar,2026-07-02 14:27,9.1,21.5,23.8,ICU,Trauma Surgery/Orthopedics,No,Stabilized & Admitted,Admitted
EM0152,L47,Arugul,E02,Road Traffic Accident / Trauma,H01,Capital Hospital,2026-05-22 07:53,15.98,36.5,24.0,ICU,Trauma Surgery/Orthopedics,Yes,Stabilized & Admitted,Admitted
EM0153,L23,Chandaka,E04,Severe Respiratory Distress,H13,KIMS / Pradyumna Bal Memorial Hospital,2026-06-24 07:48,0.0,3.0,30.8,ICU,Pulmonology,Yes,Referred to Another Hospital,Referred
EM0154,L01,Patia,E02,Road Traffic Accident / Trauma,H01,Capital Hospital,2026-06-06 10:01,9.77,27.1,30.8,ICU,Trauma Surgery/Orthopedics,No,Referred to Another Hospital,Referred
EM0155,L31,Dhauli,E01,Cardiac Arrest / Heart Attack,H37,Aditya Care Hospital,2026-07-03 06:22,5.42,13.9,46.4,ICU,Cardiology,Yes,Stabilized & Admitted,Admitted
EM0156,L04,Jaydev Vihar,E02,Road Traffic Accident / Trauma,H10,Apollo Hospitals,2026-07-31 22:56,0.68,3.0,26.8,ICU,Trauma Surgery/Orthopedics,Yes,Stabilized & Admitted,Admitted
EM0157,L01,Patia,E03,Stroke,H03,Central Hospital East Coast Railway,2026-04-18 02:15,0.78,3.0,25.9,ICU,Neurology,Yes,Stabilized & Admitted,Admitted
EM0158,L20,Dumduma,E03,Stroke,H25,AMRI Hospitals,2026-09-11 07:44,1.83,5.5,20.8,ICU,Neurology,Yes,Stabilized & Admitted,Admitted
EM0159,L28,Mancheswar,E05,Obstetric Emergency,H11,Manipal Hospitals Bhubaneswar,2026-06-23 00:05,4.39,14.1,14.8,ICU,Obstetrics & Gynecology,Yes,Stabilized & Admitted,Admitted
EM0160,L15,Sundarpada,E06,Pediatric Emergency,H16,Utkal Hospital,2026-05-02 09:42,4.15,12.4,28.9,ICU,Pediatrics,Yes,Referred to Another Hospital,Referred
EM0161,L30,Lingaraj Nagar,E01,Cardiac Arrest / Heart Attack,H37,Aditya Care Hospital,2026-07-14 11:27,1.39,4.7,36.8,ICU,Cardiology,Yes,Deceased,Deceased
EM0162,L14,Pokhariput,E04,Severe Respiratory Distress,H25,AMRI Hospitals,2026-05-30 22:29,1.4,4.7,24.0,ICU,Pulmonology,Yes,Stabilized & Admitted,Admitted
EM0163,L50,Bhimpur,E03,Stroke,H07,Municipal Hospital Old Town,2026-03-31 23:12,3.81,10.5,36.2,ICU,Neurology,Yes,Stabilized & Admitted,Admitted
EM0164,L06,Old Town,E05,Obstetric Emergency,H25,AMRI Hospitals,2026-09-12 22:11,6.78,21.9,22.9,ICU,Obstetrics & Gynecology,No,Referred to Another Hospital,Referred
EM0165,L20,Dumduma,E02,Road Traffic Accident / Trauma,H12,SUM Ultimate Medicare Hospital,2026-05-10 23:37,11.24,36.4,30.5,ICU,Trauma Surgery/Orthopedics,Yes,Stabilized & Admitted,Admitted
EM0166,L48,Angulapada,E01,Cardiac Arrest / Heart Attack,H21,Bijaya Multispeciality Hospital,2026-05-12 03:53,13.46,28.8,34.3,ICU,Cardiology,No,Stabilized & Admitted,Admitted
EM0167,L17,Aerodrome Area,E03,Stroke,H16,Utkal Hospital,2026-04-15 09:00,2.31,6.4,33.4,ICU,Neurology,Yes,Stabilized & Admitted,Admitted
EM0168,L16,Acharya Vihar,E06,Pediatric Emergency,H10,Apollo Hospitals,2026-03-12 01:35,1.69,3.0,18.7,ICU,Pediatrics,Yes,Stabilized & Admitted,Admitted
EM0169,L23,Chandaka,E06,Pediatric Emergency,H14,CARE Hospitals Bhubaneswar,2026-08-11 15:06,7.61,25.8,15.9,ICU,Pediatrics,Yes,Stabilized & Admitted,Admitted
EM0170,L40,Tangi,E01,Cardiac Arrest / Heart Attack,H21,Bijaya Multispeciality Hospital,2026-06-29 15:28,25.08,54.9,26.2,ICU,Cardiology,No,Stabilized & Admitted,Admitted
EM0171,L25,Kalarahanga,E02,Road Traffic Accident / Trauma,H12,SUM Ultimate Medicare Hospital,2026-05-04 15:07,4.31,16.5,23.6,ICU,Trauma Surgery/Orthopedics,Yes,Stabilized & Admitted,Admitted
EM0172,L25,Kalarahanga,E05,Obstetric Emergency,H03,Central Hospital East Coast Railway,2026-03-19 18:40,3.68,8.7,24.7,ICU,Obstetrics & Gynecology,No,Stabilized & Admitted,Admitted
EM0173,L25,Kalarahanga,E02,Road Traffic Accident / Trauma,H10,Apollo Hospitals,2026-09-24 18:19,7.12,15.3,21.5,ICU,Trauma Surgery/Orthopedics,No,Stabilized & Admitted,Admitted
EM0174,L24,Raghunathpur,E02,Road Traffic Accident / Trauma,H12,SUM Ultimate Medicare Hospital,2026-07-21 13:38,5.18,16.1,15.7,ICU,Trauma Surgery/Orthopedics,Yes,Referred to Another Hospital,Referred
EM0175,L14,Pokhariput,E07,Severe Burns,H04,AIIMS Bhubaneswar,2026-09-15 16:24,4.55,13.2,21.7,ICU,Plastic Surgery/Burns Unit,No,Stabilized & Admitted,Admitted
EM0176,L13,Vani Vihar,E02,Road Traffic Accident / Trauma,H04,AIIMS Bhubaneswar,2026-07-29 13:19,3.97,11.3,28.8,ICU,Trauma Surgery/Orthopedics,Yes,Referred to Another Hospital,Referred
EM0177,L48,Angulapada,E03,Stroke,H29,CDR Hospital,2026-09-06 03:48,13.46,31.0,37.0,ICU,Neurology,Yes,Stabilized & Admitted,Admitted
EM0178,L06,Old Town,E01,Cardiac Arrest / Heart Attack,H37,Aditya Care Hospital,2026-08-17 02:10,0.29,3.0,23.3,ICU,Cardiology,No,Stabilized & Admitted,Admitted
EM0179,L04,Jaydev Vihar,E06,Pediatric Emergency,H11,Manipal Hospitals Bhubaneswar,2026-04-10 00:26,0.0,3.0,14.7,ICU,Pediatrics,No,Stabilized & Admitted,Admitted
EM0180,L36,Balianta,E05,Obstetric Emergency,H06,Railway Hospital Bhubaneswar,2026-05-14 01:14,9.91,27.6,30.7,ICU,Obstetrics & Gynecology,No,Stabilized & Admitted,Admitted
EM0181,L35,Khordha,E02,Road Traffic Accident / Trauma,H01,Capital Hospital,2026-06-25 02:43,25.31,70.8,30.5,ICU,Trauma Surgery/Orthopedics,Yes,Deceased,Deceased
EM0182,L45,Nirakarpur,E06,Pediatric Emergency,H29,CDR Hospital,2026-09-19 20:37,34.9,100.5,35.6,ICU,Pediatrics,Yes,Stabilized & Admitted,Admitted
EM0183,L31,Dhauli,E04,Severe Respiratory Distress,H16,Utkal Hospital,2026-06-17 03:34,5.14,16.4,23.8,ICU,Pulmonology,Yes,Stabilized & Admitted,Admitted
EM0184,L22,Aiginia,E02,Road Traffic Accident / Trauma,H01,Capital Hospital,2026-05-08 04:04,8.08,22.5,28.6,ICU,Trauma Surgery/Orthopedics,Yes,Stabilized & Admitted,Admitted
EM0185,L08,Bomikhal,E05,Obstetric Emergency,H01,Capital Hospital,2026-07-31 23:52,2.08,10.2,30.3,ICU,Obstetrics & Gynecology,Yes,Stabilized & Admitted,Admitted
EM0186,L39,Bolagarh,E04,Severe Respiratory Distress,H23,Hi-Tech Medical College & Hospital,2026-04-01 14:44,41.8,101.0,19.6,ICU,Pulmonology,Yes,Stabilized & Admitted,Admitted
EM0187,L14,Pokhariput,E02,Road Traffic Accident / Trauma,H04,AIIMS Bhubaneswar,2026-05-09 16:34,4.55,13.4,21.7,ICU,Trauma Surgery/Orthopedics,No,Stabilized & Admitted,Admitted
EM0188,L10,Kalinga Nagar,E07,Severe Burns,H12,SUM Ultimate Medicare Hospital,2026-03-11 13:47,0.0,3.0,20.1,ICU,Plastic Surgery/Burns Unit,Yes,Stabilized & Admitted,Admitted
EM0189,L48,Angulapada,E07,Severe Burns,H10,Apollo Hospitals,2026-03-24 07:43,17.31,47.2,17.2,ICU,Plastic Surgery/Burns Unit,Yes,Deceased,Deceased
EM0190,L17,Aerodrome Area,E02,Road Traffic Accident / Trauma,H12,SUM Ultimate Medicare Hospital,2026-03-06 21:52,9.23,21.8,18.8,ICU,Trauma Surgery/Orthopedics,Yes,Stabilized & Admitted,Admitted
EM0191,L48,Angulapada,E03,Stroke,H21,Bijaya Multispeciality Hospital,2026-09-10 05:30,13.46,36.3,35.0,ICU,Neurology,Yes,Stabilized & Admitted,Admitted
EM0192,L10,Kalinga Nagar,E07,Severe Burns,H12,SUM Ultimate Medicare Hospital,2026-05-11 05:37,0.0,3.0,19.2,ICU,Plastic Surgery/Burns Unit,No,Referred to Another Hospital,Referred
EM0193,L33,Janla,E05,Obstetric Emergency,H25,AMRI Hospitals,2026-03-24 15:22,5.34,17.5,26.8,ICU,Obstetrics & Gynecology,Yes,Treated & Discharged,OPD/Discharged
EM0194,L25,Kalarahanga,E05,Obstetric Emergency,H35,Ankura Hospital for Women & Children,2026-03-27 05:21,3.42,9.2,24.6,ICU,Obstetrics & Gynecology,Yes,Stabilized & Admitted,Admitted
EM0195,L15,Sundarpada,E04,Severe Respiratory Distress,H15,Aditya Ashwini Hospital,2026-08-17 12:52,4.0,11.9,33.8,ICU,Pulmonology,Yes,Stabilized & Admitted,Admitted
EM0196,L04,Jaydev Vihar,E02,Road Traffic Accident / Trauma,H12,SUM Ultimate Medicare Hospital,2026-03-23 10:16,4.1,7.3,30.1,ICU,Trauma Surgery/Orthopedics,No,Stabilized & Admitted,Admitted
EM0197,L17,Aerodrome Area,E02,Road Traffic Accident / Trauma,H10,Apollo Hospitals,2026-06-12 16:52,5.23,19.1,20.7,ICU,Trauma Surgery/Orthopedics,Yes,Stabilized & Admitted,Admitted
EM0198,L41,Banapur,E04,Severe Respiratory Distress,H29,CDR Hospital,2026-07-17 14:26,76.71,156.8,38.4,ICU,Pulmonology,Yes,Stabilized & Admitted,Admitted
EM0199,L33,Janla,E08,Poisoning / Overdose,H23,Hi-Tech Medical College & Hospital,2026-08-07 15:40,6.1,21.3,17.3,ICU,General Medicine/Toxicology,Yes,Treated & Discharged,OPD/Discharged
EM0200,L10,Kalinga Nagar,E02,Road Traffic Accident / Trauma,H12,SUM Ultimate Medicare Hospital,2026-05-08 17:08,0.0,3.0,14.0,ICU,Trauma Surgery/Orthopedics,Yes,Deceased,Deceased
EM0201,L37,Balipatna,E01,Cardiac Arrest / Heart Attack,H07,Municipal Hospital Old Town,2026-08-26 15:07,10.02,21.7,27.7,ICU,Cardiology,Yes,Stabilized & Admitted,Admitted
EM0202,L06,Old Town,E01,Cardiac Arrest / Heart Attack,H15,Aditya Ashwini Hospital,2026-09-21 07:45,0.29,3.4,22.2,ICU,Cardiology,No,Stabilized & Admitted,Admitted
EM0203,L17,Aerodrome Area,E05,Obstetric Emergency,H06,Railway Hospital Bhubaneswar,2026-07-20 13:05,3.02,11.0,28.3,ICU,Obstetrics & Gynecology,No,Referred to Another Hospital,Referred
EM0204,L44,Jankia,E01,Cardiac Arrest / Heart Attack,H13,KIMS / Pradyumna Bal Memorial Hospital,2026-03-30 14:07,26.49,80.7,27.2,ICU,Cardiology,No,Stabilized & Admitted,Admitted
EM0205,L31,Dhauli,E01,Cardiac Arrest / Heart Attack,H07,Municipal Hospital Old Town,2026-08-31 09:32,5.14,11.0,31.5,ICU,Cardiology,No,Stabilized & Admitted,Admitted
EM0206,L25,Kalarahanga,E02,Road Traffic Accident / Trauma,H12,SUM Ultimate Medicare Hospital,2026-07-02 15:15,4.31,10.7,19.5,ICU,Trauma Surgery/Orthopedics,No,Stabilized & Admitted,Admitted
EM0207,L49,Balianta Rural,E07,Severe Burns,H04,AIIMS Bhubaneswar,2026-04-18 19:32,19.25,48.2,26.4,ICU,Plastic Surgery/Burns Unit,Yes,Stabilized & Admitted,Admitted
EM0208,L41,Banapur,E02,Road Traffic Accident / Trauma,H04,AIIMS Bhubaneswar,2026-03-18 08:49,79.08,175.0,27.5,ICU,Trauma Surgery/Orthopedics,No,Stabilized & Admitted,Admitted
EM0209,L26,Andharua,E06,Pediatric Emergency,H08,Government Hospital Chandrasekharpur,2026-09-18 16:17,6.97,16.1,38.7,ICU,Pediatrics,Yes,Treated & Discharged,OPD/Discharged
EM0210,L24,Raghunathpur,E06,Pediatric Emergency,H24,Kalinga Hospital,2026-05-16 18:37,3.64,7.8,27.3,ICU,Pediatrics,Yes,Stabilized & Admitted,Admitted
EM0211,L45,Nirakarpur,E02,Road Traffic Accident / Trauma,H04,AIIMS Bhubaneswar,2026-04-08 14:34,37.49,76.4,18.8,ICU,Trauma Surgery/Orthopedics,Yes,Stabilized & Admitted,Admitted
EM0212,L08,Bomikhal,E02,Road Traffic Accident / Trauma,H01,Capital Hospital,2026-09-12 17:24,2.08,5.6,26.0,ICU,Trauma Surgery/Orthopedics,Yes,Stabilized & Admitted,Admitted
EM0213,L04,Jaydev Vihar,E02,Road Traffic Accident / Trauma,H23,Hi-Tech Medical College & Hospital,2026-04-18 22:15,11.39,29.4,24.6,ICU,Trauma Surgery/Orthopedics,No,Deceased,Deceased
EM0214,L35,Khordha,E02,Road Traffic Accident / Trauma,H04,AIIMS Bhubaneswar,2026-09-15 13:02,23.1,55.4,27.4,ICU,Trauma Surgery/Orthopedics,Yes,Stabilized & Admitted,Admitted
EM0215,L14,Pokhariput,E05,Obstetric Emergency,H04,AIIMS Bhubaneswar,2026-09-24 12:24,4.55,13.8,23.9,ICU,Obstetrics & Gynecology,No,Stabilized & Admitted,Admitted
EM0216,L26,Andharua,E01,Cardiac Arrest / Heart Attack,H13,KIMS / Pradyumna Bal Memorial Hospital,2026-08-14 04:31,1.34,6.2,29.0,ICU,Cardiology,Yes,Stabilized & Admitted,Admitted
EM0217,L18,Airport Area,E07,Severe Burns,H10,Apollo Hospitals,2026-07-30 10:55,5.34,9.7,31.1,ICU,Plastic Surgery/Burns Unit,Yes,Referred to Another Hospital,Referred
EM0218,L20,Dumduma,E01,Cardiac Arrest / Heart Attack,H19,Usthi Hospital,2026-03-26 16:58,4.95,19.4,35.9,ICU,Cardiology,Yes,Stabilized & Admitted,Admitted
EM0219,L50,Bhimpur,E06,Pediatric Emergency,H19,Usthi Hospital,2026-06-13 20:09,1.18,6.1,32.0,ICU,Pediatrics,No,Stabilized & Admitted,Admitted
EM0220,L40,Tangi,E01,Cardiac Arrest / Heart Attack,H21,Bijaya Multispeciality Hospital,2026-05-07 10:39,25.08,83.1,26.2,ICU,Cardiology,Yes,Stabilized & Admitted,Admitted
EM0221,L18,Airport Area,E02,Road Traffic Accident / Trauma,H23,Hi-Tech Medical College & Hospital,2026-05-24 21:54,6.81,18.1,21.4,ICU,Trauma Surgery/Orthopedics,Yes,Stabilized & Admitted,Admitted
EM0222,L43,Chilika,E01,Cardiac Arrest / Heart Attack,H29,CDR Hospital,2026-08-08 22:56,83.55,210.1,31.5,ICU,Cardiology,Yes,Stabilized & Admitted,Admitted
EM0223,L01,Patia,E06,Pediatric Emergency,H08,Government Hospital Chandrasekharpur,2026-03-10 19:04,0.78,5.8,28.8,ICU,Pediatrics,Yes,Referred to Another Hospital,Referred
EM0224,L45,Nirakarpur,E04,Severe Respiratory Distress,H25,AMRI Hospitals,2026-05-13 07:47,32.29,95.9,25.5,ICU,Pulmonology,No,Referred to Another Hospital,Referred
EM0225,L26,Andharua,E04,Severe Respiratory Distress,H13,KIMS / Pradyumna Bal Memorial Hospital,2026-09-11 20:45,1.34,9.1,22.2,ICU,Pulmonology,No,Referred to Another Hospital,Referred
EM0226,L24,Raghunathpur,E03,Stroke,H03,Central Hospital East Coast Railway,2026-08-25 09:57,3.64,8.8,26.2,ICU,Neurology,Yes,Stabilized & Admitted,Admitted
EM0227,L43,Chilika,E01,Cardiac Arrest / Heart Attack,H19,Usthi Hospital,2026-03-15 09:22,82.09,268.7,41.7,ICU,Cardiology,No,Stabilized & Admitted,Admitted
EM0228,L29,Mancheswar Industrial Area,E06,Pediatric Emergency,H17,Sunshine Hospital,2026-07-14 13:36,3.91,9.4,19.6,ICU,Pediatrics,Yes,Stabilized & Admitted,Admitted
EM0229,L09,Rasulgarh,E06,Pediatric Emergency,H27,Apex Hospital,2026-04-14 02:39,0.0,3.0,30.6,ICU,Pediatrics,Yes,Stabilized & Admitted,Admitted
EM0230,L33,Janla,E06,Pediatric Emergency,H25,AMRI Hospitals,2026-05-01 15:58,5.34,13.6,20.8,ICU,Pediatrics,No,Treated & Discharged,OPD/Discharged
EM0231,L26,Andharua,E01,Cardiac Arrest / Heart Attack,H24,Kalinga Hospital,2026-08-11 08:29,6.97,16.4,23.2,ICU,Cardiology,Yes,Referred to Another Hospital,Referred
EM0232,L02,Chandrasekharpur,E03,Stroke,H03,Central Hospital East Coast Railway,2026-09-22 14:57,0.0,3.0,30.0,ICU,Neurology,No,Stabilized & Admitted,Admitted
EM0233,L16,Acharya Vihar,E02,Road Traffic Accident / Trauma,H12,SUM Ultimate Medicare Hospital,2026-03-19 14:22,3.9,12.7,18.1,ICU,Trauma Surgery/Orthopedics,Yes,Referred to Another Hospital,Referred
EM0234,L39,Bolagarh,E05,Obstetric Emergency,H13,KIMS / Pradyumna Bal Memorial Hospital,2026-06-17 22:16,43.47,87.5,31.6,ICU,Obstetrics & Gynecology,No,Referred to Another Hospital,Referred
EM0235,L33,Janla,E04,Severe Respiratory Distress,H19,Usthi Hospital,2026-06-07 15:06,9.29,23.9,33.4,ICU,Pulmonology,No,Stabilized & Admitted,Admitted
EM0236,L06,Old Town,E03,Stroke,H16,Utkal Hospital,2026-07-26 09:44,0.0,3.0,26.0,ICU,Neurology,No,Deceased,Deceased
EM0237,L29,Mancheswar Industrial Area,E08,Poisoning / Overdose,H26,Vikash Hospital Bhubaneswar,2026-08-16 12:17,4.88,18.4,26.6,ICU,General Medicine/Toxicology,Yes,Treated & Discharged,OPD/Discharged
EM0238,L49,Balianta Rural,E06,Pediatric Emergency,H01,Capital Hospital,2026-09-16 23:03,13.74,49.6,26.5,ICU,Pediatrics,No,Stabilized & Admitted,Admitted
EM0239,L50,Bhimpur,E01,Cardiac Arrest / Heart Attack,H19,Usthi Hospital,2026-05-13 07:38,1.18,5.7,32.4,ICU,Cardiology,Yes,Stabilized & Admitted,Admitted
EM0240,L43,Chilika,E02,Road Traffic Accident / Trauma,H01,Capital Hospital,2026-04-18 19:16,87.64,189.9,29.0,ICU,Trauma Surgery/Orthopedics,Yes,Stabilized & Admitted,Admitted
EM0241,L29,Mancheswar Industrial Area,E02,Road Traffic Accident / Trauma,H04,AIIMS Bhubaneswar,2026-08-16 21:53,8.0,21.4,21.0,ICU,Trauma Surgery/Orthopedics,No,Stabilized & Admitted,Admitted
EM0242,L42,Balugaon,E02,Road Traffic Accident / Trauma,H10,Apollo Hospitals,2026-08-08 20:02,76.27,231.7,22.4,ICU,Trauma Surgery/Orthopedics,No,Stabilized & Admitted,Admitted
EM0243,L30,Lingaraj Nagar,E02,Road Traffic Accident / Trauma,H04,AIIMS Bhubaneswar,2026-07-27 11:46,6.87,20.1,34.9,ICU,Trauma Surgery/Orthopedics,No,Stabilized & Admitted,Admitted
EM0244,L49,Balianta Rural,E02,Road Traffic Accident / Trauma,H01,Capital Hospital,2026-05-23 23:26,13.74,46.5,26.8,ICU,Trauma Surgery/Orthopedics,Yes,Stabilized & Admitted,Admitted
EM0245,L43,Chilika,E02,Road Traffic Accident / Trauma,H10,Apollo Hospitals,2026-07-17 11:33,87.5,260.0,26.4,ICU,Trauma Surgery/Orthopedics,No,Stabilized & Admitted,Admitted
EM0246,L31,Dhauli,E03,Stroke,H37,Aditya Care Hospital,2026-04-12 08:58,5.42,13.4,31.3,ICU,Neurology,Yes,Stabilized & Admitted,Admitted
EM0247,L48,Angulapada,E02,Road Traffic Accident / Trauma,H01,Capital Hospital,2026-09-23 09:47,17.48,39.0,26.3,ICU,Trauma Surgery/Orthopedics,Yes,Stabilized & Admitted,Admitted
EM0248,L34,Jatani,E08,Poisoning / Overdose,H23,Hi-Tech Medical College & Hospital,2026-06-28 02:09,8.68,21.9,26.6,ICU,General Medicine/Toxicology,Yes,Treated & Discharged,OPD/Discharged
EM0249,L12,Unit VI,E05,Obstetric Emergency,H06,Railway Hospital Bhubaneswar,2026-08-21 23:43,0.69,3.0,30.5,ICU,Obstetrics & Gynecology,No,Treated & Discharged,OPD/Discharged
EM0250,L06,Old Town,E01,Cardiac Arrest / Heart Attack,H37,Aditya Care Hospital,2026-09-22 17:23,0.29,5.4,28.3,ICU,Cardiology,No,Stabilized & Admitted,Admitted
EM0251,L22,Aiginia,E02,Road Traffic Accident / Trauma,H01,Capital Hospital,2026-05-07 17:07,8.08,26.2,27.1,ICU,Trauma Surgery/Orthopedics,No,Stabilized & Admitted,Admitted
EM0252,L01,Patia,E08,Poisoning / Overdose,H14,CARE Hospitals Bhubaneswar,2026-08-20 08:37,0.78,4.7,15.0,ICU,General Medicine/Toxicology,Yes,Stabilized & Admitted,Admitted
EM0253,L44,Jankia,E06,Pediatric Emergency,H13,KIMS / Pradyumna Bal Memorial Hospital,2026-06-04 03:43,26.49,72.9,36.7,ICU,Pediatrics,Yes,Referred to Another Hospital,Referred
EM0254,L31,Dhauli,E08,Poisoning / Overdose,H16,Utkal Hospital,2026-07-22 10:58,5.14,13.0,31.4,ICU,General Medicine/Toxicology,No,Stabilized & Admitted,Admitted
EM0255,L05,Saheed Nagar,E04,Severe Respiratory Distress,H06,Railway Hospital Bhubaneswar,2026-08-10 14:58,1.22,5.4,26.6,ICU,Pulmonology,Yes,Deceased,Deceased
EM0256,L42,Balugaon,E05,Obstetric Emergency,H13,KIMS / Pradyumna Bal Memorial Hospital,2026-03-30 04:02,72.17,166.5,28.3,ICU,Obstetrics & Gynecology,Yes,Stabilized & Admitted,Admitted
EM0257,L06,Old Town,E05,Obstetric Emergency,H25,AMRI Hospitals,2026-07-05 03:06,6.78,14.0,23.1,ICU,Obstetrics & Gynecology,Yes,Referred to Another Hospital,Referred
EM0258,L47,Arugul,E02,Road Traffic Accident / Trauma,H12,SUM Ultimate Medicare Hospital,2026-06-08 14:23,20.47,60.8,31.6,ICU,Trauma Surgery/Orthopedics,Yes,Stabilized & Admitted,Admitted
EM0259,L43,Chilika,E02,Road Traffic Accident / Trauma,H13,KIMS / Pradyumna Bal Memorial Hospital,2026-07-17 13:37,88.0,205.9,29.2,ICU,Trauma Surgery/Orthopedics,Yes,Stabilized & Admitted,Admitted
EM0260,L27,Barimunda,E04,Severe Respiratory Distress,H03,Central Hospital East Coast Railway,2026-06-15 20:06,2.93,5.6,35.4,ICU,Pulmonology,No,Stabilized & Admitted,Admitted
EM0261,L29,Mancheswar Industrial Area,E04,Severe Respiratory Distress,H26,Vikash Hospital Bhubaneswar,2026-05-11 01:44,4.88,12.8,33.8,ICU,Pulmonology,Yes,Stabilized & Admitted,Admitted
EM0262,L27,Barimunda,E01,Cardiac Arrest / Heart Attack,H08,Government Hospital Chandrasekharpur,2026-04-30 11:06,2.93,8.9,29.7,ICU,Cardiology,Yes,Stabilized & Admitted,Admitted
EM0263,L34,Jatani,E05,Obstetric Emergency,H06,Railway Hospital Bhubaneswar,2026-08-13 11:03,18.49,37.8,33.6,ICU,Obstetrics & Gynecology,Yes,Referred to Another Hospital,Referred
EM0264,L45,Nirakarpur,E02,Road Traffic Accident / Trauma,H23,Hi-Tech Medical College & Hospital,2026-04-01 14:05,28.23,73.7,21.1,ICU,Trauma Surgery/Orthopedics,No,Referred to Another Hospital,Referred
EM0265,L10,Kalinga Nagar,E03,Stroke,H22,Health Village Hospital,2026-07-31 00:03,0.0,3.0,32.1,ICU,Neurology,Yes,Referred to Another Hospital,Referred
EM0266,L22,Aiginia,E06,Pediatric Emergency,H23,Hi-Tech Medical College & Hospital,2026-04-02 18:13,3.22,6.7,31.2,ICU,Pediatrics,No,Stabilized & Admitted,Admitted
EM0267,L27,Barimunda,E04,Severe Respiratory Distress,H35,Ankura Hospital for Women & Children,2026-04-23 18:13,3.23,13.7,15.4,ICU,Pulmonology,No,Referred to Another Hospital,Referred
EM0268,L46,Kaipadar,E02,Road Traffic Accident / Trauma,H13,KIMS / Pradyumna Bal Memorial Hospital,2026-09-15 04:50,32.43,69.7,25.8,ICU,Trauma Surgery/Orthopedics,Yes,Stabilized & Admitted,Admitted
EM0269,L28,Mancheswar,E03,Stroke,H11,Manipal Hospitals Bhubaneswar,2026-04-07 04:34,4.39,7.2,22.2,ICU,Neurology,Yes,Stabilized & Admitted,Admitted
EM0270,L22,Aiginia,E02,Road Traffic Accident / Trauma,H01,Capital Hospital,2026-08-17 00:08,8.08,22.3,21.5,ICU,Trauma Surgery/Orthopedics,Yes,Stabilized & Admitted,Admitted
EM0271,L03,Nayapalli,E03,Stroke,H09,Government Hospital Nayapalli,2026-04-30 18:20,0.0,3.5,26.8,ICU,Neurology,No,Stabilized & Admitted,Admitted
EM0272,L18,Airport Area,E04,Severe Respiratory Distress,H07,Municipal Hospital Old Town,2026-04-02 23:26,2.2,7.1,28.6,ICU,Pulmonology,Yes,Stabilized & Admitted,Admitted
EM0273,L01,Patia,E03,Stroke,H24,Kalinga Hospital,2026-06-30 14:49,0.78,5.1,17.5,ICU,Neurology,No,Stabilized & Admitted,Admitted
EM0274,L26,Andharua,E08,Poisoning / Overdose,H13,KIMS / Pradyumna Bal Memorial Hospital,2026-06-24 16:14,1.34,5.8,26.0,ICU,General Medicine/Toxicology,Yes,Stabilized & Admitted,Admitted
EM0275,L01,Patia,E03,Stroke,H14,CARE Hospitals Bhubaneswar,2026-09-17 21:33,0.78,3.0,24.8,ICU,Neurology,Yes,Stabilized & Admitted,Admitted
EM0276,L45,Nirakarpur,E01,Cardiac Arrest / Heart Attack,H19,Usthi Hospital,2026-03-08 01:30,32.23,92.0,30.1,ICU,Cardiology,No,Stabilized & Admitted,Admitted
EM0277,L41,Banapur,E04,Severe Respiratory Distress,H29,CDR Hospital,2026-03-28 15:45,76.71,164.4,36.0,ICU,Pulmonology,Yes,Stabilized & Admitted,Admitted
EM0278,L33,Janla,E04,Severe Respiratory Distress,H29,CDR Hospital,2026-03-21 10:38,7.44,14.0,49.3,ICU,Pulmonology,No,Stabilized & Admitted,Admitted
EM0279,L13,Vani Vihar,E05,Obstetric Emergency,H02,B.M.C Hospital,2026-08-07 20:37,0.78,3.0,31.6,ICU,Obstetrics & Gynecology,Yes,Stabilized & Admitted,Admitted
EM0280,L02,Chandrasekharpur,E01,Cardiac Arrest / Heart Attack,H35,Ankura Hospital for Women & Children,2026-07-31 16:18,0.78,3.0,7.4,ICU,Cardiology,Yes,Stabilized & Admitted,Admitted
EM0281,L39,Bolagarh,E04,Severe Respiratory Distress,H29,CDR Hospital,2026-03-26 22:07,43.52,113.6,29.9,ICU,Pulmonology,No,Referred to Another Hospital,Referred
EM0282,L28,Mancheswar,E04,Severe Respiratory Distress,H12,SUM Ultimate Medicare Hospital,2026-09-13 17:46,3.96,11.0,16.2,ICU,Pulmonology,No,Deceased,Deceased
EM0283,L43,Chilika,E01,Cardiac Arrest / Heart Attack,H21,Bijaya Multispeciality Hospital,2026-04-28 13:21,83.55,177.6,16.2,ICU,Cardiology,Yes,Referred to Another Hospital,Referred
EM0284,L48,Angulapada,E07,Severe Burns,H10,Apollo Hospitals,2026-09-03 03:20,17.31,38.0,18.1,ICU,Plastic Surgery/Burns Unit,Yes,Stabilized & Admitted,Admitted
EM0285,L06,Old Town,E04,Severe Respiratory Distress,H07,Municipal Hospital Old Town,2026-06-04 04:43,0.0,3.0,30.1,ICU,Pulmonology,Yes,Referred to Another Hospital,Referred
EM0286,L32,Sisupalgarh,E02,Road Traffic Accident / Trauma,H01,Capital Hospital,2026-03-22 02:27,5.87,10.6,16.7,ICU,Trauma Surgery/Orthopedics,No,Stabilized & Admitted,Admitted
EM0287,L24,Raghunathpur,E03,Stroke,H24,Kalinga Hospital,2026-09-24 04:35,3.64,14.6,26.9,ICU,Neurology,Yes,Stabilized & Admitted,Admitted
EM0288,L11,Baramunda,E03,Stroke,H29,CDR Hospital,2026-07-22 10:42,0.0,4.7,32.6,ICU,Neurology,Yes,Stabilized & Admitted,Admitted
EM0289,L22,Aiginia,E01,Cardiac Arrest / Heart Attack,H23,Hi-Tech Medical College & Hospital,2026-08-18 13:55,3.22,10.4,24.8,ICU,Cardiology,Yes,Referred to Another Hospital,Referred
EM0290,L08,Bomikhal,E03,Stroke,H28,Padma Hospital,2026-05-13 19:19,1.9,3.0,31.3,ICU,Neurology,No,Stabilized & Admitted,Admitted
EM0291,L50,Bhimpur,E06,Pediatric Emergency,H23,Hi-Tech Medical College & Hospital,2026-04-24 04:42,3.55,11.6,22.9,ICU,Pediatrics,Yes,Stabilized & Admitted,Admitted
EM0292,L43,Chilika,E02,Road Traffic Accident / Trauma,H01,Capital Hospital,2026-05-29 17:23,87.64,225.0,30.0,ICU,Trauma Surgery/Orthopedics,Yes,Stabilized & Admitted,Admitted
EM0293,L36,Balianta,E02,Road Traffic Accident / Trauma,H04,AIIMS Bhubaneswar,2026-04-27 13:54,14.47,44.8,22.5,ICU,Trauma Surgery/Orthopedics,Yes,Stabilized & Admitted,Admitted
EM0294,L05,Saheed Nagar,E02,Road Traffic Accident / Trauma,H01,Capital Hospital,2026-08-07 19:43,1.48,7.0,24.6,ICU,Trauma Surgery/Orthopedics,Yes,Stabilized & Admitted,Admitted
EM0295,L06,Old Town,E02,Road Traffic Accident / Trauma,H01,Capital Hospital,2026-08-16 22:17,3.66,6.7,21.5,ICU,Trauma Surgery/Orthopedics,Yes,Referred to Another Hospital,Referred
EM0296,L49,Balianta Rural,E08,Poisoning / Overdose,H01,Capital Hospital,2026-09-12 09:58,13.74,44.8,27.9,ICU,General Medicine/Toxicology,Yes,Stabilized & Admitted,Admitted
EM0297,L28,Mancheswar,E01,Cardiac Arrest / Heart Attack,H11,Manipal Hospitals Bhubaneswar,2026-04-06 18:42,4.39,10.0,17.4,ICU,Cardiology,No,Stabilized & Admitted,Admitted
EM0298,L01,Patia,E06,Pediatric Emergency,H24,Kalinga Hospital,2026-08-10 00:05,0.78,3.0,14.3,ICU,Pediatrics,Yes,Stabilized & Admitted,Admitted
EM0299,L29,Mancheswar Industrial Area,E08,Poisoning / Overdose,H17,Sunshine Hospital,2026-06-16 14:21,3.91,8.2,34.6,ICU,General Medicine/Toxicology,No,Treated & Discharged,OPD/Discharged
EM0300,L14,Pokhariput,E08,Poisoning / Overdose,H29,CDR Hospital,2026-05-23 18:38,2.09,6.5,26.5,ICU,General Medicine/Toxicology,Yes,Stabilized & Admitted,Admitted
EM0301,L02,Chandrasekharpur,E02,Road Traffic Accident / Trauma,H12,SUM Ultimate Medicare Hospital,2026-04-10 19:03,1.58,3.4,30.7,ICU,Trauma Surgery/Orthopedics,No,Stabilized & Admitted,Admitted
EM0302,L13,Vani Vihar,E01,Cardiac Arrest / Heart Attack,H09,Government Hospital Nayapalli,2026-08-17 13:31,1.37,3.1,32.9,ICU,Cardiology,Yes,Stabilized & Admitted,Admitted
EM0303,L21,Tamando,E07,Severe Burns,H12,SUM Ultimate Medicare Hospital,2026-04-25 16:07,11.98,29.3,28.1,ICU,Plastic Surgery/Burns Unit,No,Referred to Another Hospital,Referred
EM0304,L19,Jagamara,E02,Road Traffic Accident / Trauma,H04,AIIMS Bhubaneswar,2026-08-21 21:37,5.61,14.0,19.9,ICU,Trauma Surgery/Orthopedics,Yes,Stabilized & Admitted,Admitted
EM0305,L21,Tamando,E02,Road Traffic Accident / Trauma,H23,Hi-Tech Medical College & Hospital,2026-03-12 07:25,5.25,15.9,20.1,ICU,Trauma Surgery/Orthopedics,Yes,Referred to Another Hospital,Referred
EM0306,L09,Rasulgarh,E02,Road Traffic Accident / Trauma,H12,SUM Ultimate Medicare Hospital,2026-04-22 09:13,6.77,12.0,24.2,ICU,Trauma Surgery/Orthopedics,No,Stabilized & Admitted,Admitted
EM0307,L31,Dhauli,E02,Road Traffic Accident / Trauma,H04,AIIMS Bhubaneswar,2026-05-14 10:07,13.49,33.1,17.2,ICU,Trauma Surgery/Orthopedics,Yes,Stabilized & Admitted,Admitted
EM0308,L36,Balianta,E07,Severe Burns,H23,Hi-Tech Medical College & Hospital,2026-04-14 04:24,18.19,63.6,33.1,ICU,Plastic Surgery/Burns Unit,No,Referred to Another Hospital,Referred
EM0309,L39,Bolagarh,E03,Stroke,H23,Hi-Tech Medical College & Hospital,2026-07-22 21:51,41.8,102.4,29.3,ICU,Neurology,Yes,Stabilized & Admitted,Admitted
EM0310,L19,Jagamara,E02,Road Traffic Accident / Trauma,H23,Hi-Tech Medical College & Hospital,2026-09-06 01:27,5.27,15.0,32.0,ICU,Trauma Surgery/Orthopedics,Yes,Stabilized & Admitted,Admitted
EM0311,L01,Patia,E01,Cardiac Arrest / Heart Attack,H35,Ankura Hospital for Women & Children,2026-05-20 18:27,0.0,4.4,30.5,ICU,Cardiology,No,Stabilized & Admitted,Admitted
EM0312,L16,Acharya Vihar,E04,Severe Respiratory Distress,H11,Manipal Hospitals Bhubaneswar,2026-06-15 09:07,1.07,5.5,21.3,ICU,Pulmonology,No,Stabilized & Admitted,Admitted
EM0313,L29,Mancheswar Industrial Area,E02,Road Traffic Accident / Trauma,H10,Apollo Hospitals,2026-04-13 19:29,5.9,20.2,24.1,ICU,Trauma Surgery/Orthopedics,Yes,Deceased,Deceased
EM0314,L17,Aerodrome Area,E08,Poisoning / Overdose,H07,Municipal Hospital Old Town,2026-03-23 13:54,2.31,9.4,34.7,ICU,General Medicine/Toxicology,Yes,Treated & Discharged,OPD/Discharged
EM0315,L17,Aerodrome Area,E04,Severe Respiratory Distress,H37,Aditya Care Hospital,2026-06-11 16:05,2.06,7.5,40.5,ICU,Pulmonology,Yes,Stabilized & Admitted,Admitted
EM0316,L26,Andharua,E02,Road Traffic Accident / Trauma,H13,KIMS / Pradyumna Bal Memorial Hospital,2026-05-26 07:21,1.34,3.7,28.8,ICU,Trauma Surgery/Orthopedics,Yes,Referred to Another Hospital,Referred
EM0317,L36,Balianta,E01,Cardiac Arrest / Heart Attack,H26,Vikash Hospital Bhubaneswar,2026-08-10 03:33,7.48,14.9,21.4,ICU,Cardiology,Yes,Stabilized & Admitted,Admitted
EM0318,L02,Chandrasekharpur,E01,Cardiac Arrest / Heart Attack,H08,Government Hospital Chandrasekharpur,2026-05-29 11:46,0.0,4.3,36.2,ICU,Cardiology,Yes,Deceased,Deceased
EM0319,L31,Dhauli,E02,Road Traffic Accident / Trauma,H01,Capital Hospital,2026-04-07 07:06,8.68,20.2,21.1,ICU,Trauma Surgery/Orthopedics,No,Stabilized & Admitted,Admitted
EM0320,L50,Bhimpur,E01,Cardiac Arrest / Heart Attack,H19,Usthi Hospital,2026-08-02 04:48,1.18,3.0,31.1,ICU,Cardiology,Yes,Stabilized & Admitted,Admitted
EM0321,L37,Balipatna,E04,Severe Respiratory Distress,H26,Vikash Hospital Bhubaneswar,2026-09-14 20:31,8.79,18.0,28.9,ICU,Pulmonology,Yes,Stabilized & Admitted,Admitted
EM0322,L19,Jagamara,E02,Road Traffic Accident / Trauma,H01,Capital Hospital,2026-07-27 14:43,6.25,17.9,17.6,ICU,Trauma Surgery/Orthopedics,Yes,Stabilized & Admitted,Admitted
EM0323,L10,Kalinga Nagar,E05,Obstetric Emergency,H34,Odisha Comprehensive Cancer Centre,2026-08-10 19:20,0.08,3.0,25.5,ICU,Obstetrics & Gynecology,No,Stabilized & Admitted,Admitted
EM0324,L25,Kalarahanga,E03,Stroke,H24,Kalinga Hospital,2026-04-08 14:04,3.68,10.2,15.3,ICU,Neurology,Yes,Stabilized & Admitted,Admitted
EM0325,L40,Tangi,E04,Severe Respiratory Distress,H21,Bijaya Multispeciality Hospital,2026-09-20 08:37,25.08,66.1,20.6,ICU,Pulmonology,No,Referred to Another Hospital,Referred
EM0326,L40,Tangi,E02,Road Traffic Accident / Trauma,H13,KIMS / Pradyumna Bal Memorial Hospital,2026-05-19 14:28,28.62,93.5,22.6,ICU,Trauma Surgery/Orthopedics,Yes,Stabilized & Admitted,Admitted
EM0327,L19,Jagamara,E03,Stroke,H23,Hi-Tech Medical College & Hospital,2026-05-13 02:41,5.27,17.7,23.2,ICU,Neurology,No,Stabilized & Admitted,Admitted
EM0328,L12,Unit VI,E02,Road Traffic Accident / Trauma,H10,Apollo Hospitals,2026-08-05 19:32,3.96,12.4,25.0,ICU,Trauma Surgery/Orthopedics,Yes,Stabilized & Admitted,Admitted
EM0329,L12,Unit VI,E04,Severe Respiratory Distress,H01,Capital Hospital,2026-09-19 23:57,0.0,3.0,26.6,ICU,Pulmonology,Yes,Stabilized & Admitted,Admitted
EM0330,L43,Chilika,E08,Poisoning / Overdose,H29,CDR Hospital,2026-07-25 20:12,83.55,275.4,37.9,ICU,General Medicine/Toxicology,No,Stabilized & Admitted,Admitted
EM0331,L28,Mancheswar,E05,Obstetric Emergency,H34,Odisha Comprehensive Cancer Centre,2026-04-08 01:28,3.92,12.1,18.9,ICU,Obstetrics & Gynecology,Yes,Stabilized & Admitted,Admitted
EM0332,L30,Lingaraj Nagar,E04,Severe Respiratory Distress,H16,Utkal Hospital,2026-05-27 22:05,1.67,9.5,32.7,ICU,Pulmonology,No,Referred to Another Hospital,Referred
EM0333,L10,Kalinga Nagar,E01,Cardiac Arrest / Heart Attack,H34,Odisha Comprehensive Cancer Centre,2026-05-03 22:28,0.08,3.0,19.2,ICU,Cardiology,Yes,Deceased,Deceased
EM0334,L07,Khandagiri,E01,Cardiac Arrest / Heart Attack,H21,Bijaya Multispeciality Hospital,2026-08-04 05:23,2.8,7.3,29.5,ICU,Cardiology,No,Stabilized & Admitted,Admitted
EM0335,L21,Tamando,E01,Cardiac Arrest / Heart Attack,H21,Bijaya Multispeciality Hospital,2026-06-13 10:43,5.39,14.4,28.7,ICU,Cardiology,No,Referred to Another Hospital,Referred
EM0336,L45,Nirakarpur,E02,Road Traffic Accident / Trauma,H12,SUM Ultimate Medicare Hospital,2026-08-13 10:04,41.52,102.5,14.3,ICU,Trauma Surgery/Orthopedics,Yes,Stabilized & Admitted,Admitted
EM0337,L49,Balianta Rural,E06,Pediatric Emergency,H17,Sunshine Hospital,2026-06-07 09:16,12.48,36.0,29.2,ICU,Pediatrics,Yes,Stabilized & Admitted,Admitted
EM0338,L05,Saheed Nagar,E01,Cardiac Arrest / Heart Attack,H28,Padma Hospital,2026-08-02 04:21,0.0,3.0,31.2,ICU,Cardiology,Yes,Stabilized & Admitted,Admitted
EM0339,L24,Raghunathpur,E06,Pediatric Emergency,H08,Government Hospital Chandrasekharpur,2026-05-29 09:41,3.64,14.2,43.0,ICU,Pediatrics,Yes,Referred to Another Hospital,Referred
EM0340,L15,Sundarpada,E06,Pediatric Emergency,H25,AMRI Hospitals,2026-07-31 22:05,2.79,7.1,22.4,ICU,Pediatrics,Yes,Stabilized & Admitted,Admitted
EM0341,L01,Patia,E08,Poisoning / Overdose,H03,Central Hospital East Coast Railway,2026-09-19 10:52,0.78,3.0,26.5,ICU,General Medicine/Toxicology,Yes,Stabilized & Admitted,Admitted
EM0342,L42,Balugaon,E06,Pediatric Emergency,H25,AMRI Hospitals,2026-09-06 21:58,71.0,221.0,28.0,ICU,Pediatrics,Yes,Treated & Discharged,OPD/Discharged
EM0343,L21,Tamando,E02,Road Traffic Accident / Trauma,H01,Capital Hospital,2026-06-17 16:23,10.13,27.5,32.5,ICU,Trauma Surgery/Orthopedics,No,Stabilized & Admitted,Admitted
EM0344,L17,Aerodrome Area,E04,Severe Respiratory Distress,H06,Railway Hospital Bhubaneswar,2026-04-24 10:49,3.02,10.1,29.7,ICU,Pulmonology,Yes,Stabilized & Admitted,Admitted
EM0345,L16,Acharya Vihar,E08,Poisoning / Overdose,H10,Apollo Hospitals,2026-04-05 04:04,1.69,3.8,17.5,ICU,General Medicine/Toxicology,No,Stabilized & Admitted,Admitted
EM0346,L19,Jagamara,E01,Cardiac Arrest / Heart Attack,H25,AMRI Hospitals,2026-07-08 17:53,0.99,6.3,6.2,ICU,Cardiology,Yes,Stabilized & Admitted,Admitted
EM0347,L25,Kalarahanga,E02,Road Traffic Accident / Trauma,H10,Apollo Hospitals,2026-08-17 10:56,7.12,17.6,21.6,ICU,Trauma Surgery/Orthopedics,Yes,Deceased,Deceased
EM0348,L32,Sisupalgarh,E02,Road Traffic Accident / Trauma,H04,AIIMS Bhubaneswar,2026-06-05 04:10,11.51,24.3,21.8,ICU,Trauma Surgery/Orthopedics,Yes,Stabilized & Admitted,Admitted
EM0349,L04,Jaydev Vihar,E04,Severe Respiratory Distress,H11,Manipal Hospitals Bhubaneswar,2026-08-07 05:46,0.0,3.0,14.6,ICU,Pulmonology,Yes,Stabilized & Admitted,Admitted
EM0350,L07,Khandagiri,E02,Road Traffic Accident / Trauma,H04,AIIMS Bhubaneswar,2026-08-21 23:15,5.47,15.0,20.4,ICU,Trauma Surgery/Orthopedics,Yes,Stabilized & Admitted,Admitted
EM0351,L13,Vani Vihar,E05,Obstetric Emergency,H11,Manipal Hospitals Bhubaneswar,2026-09-09 23:50,0.82,3.9,15.6,ICU,Obstetrics & Gynecology,Yes,Stabilized & Admitted,Admitted
EM0352,L50,Bhimpur,E02,Road Traffic Accident / Trauma,H23,Hi-Tech Medical College & Hospital,2026-05-19 15:57,3.55,10.8,24.7,ICU,Trauma Surgery/Orthopedics,Yes,Stabilized & Admitted,Admitted
EM0353,L11,Baramunda,E02,Road Traffic Accident / Trauma,H04,AIIMS Bhubaneswar,2026-07-25 14:29,2.67,6.3,22.1,ICU,Trauma Surgery/Orthopedics,Yes,Stabilized & Admitted,Admitted
EM0354,L31,Dhauli,E06,Pediatric Emergency,H37,Aditya Care Hospital,2026-07-07 16:26,5.42,15.4,35.1,ICU,Pediatrics,Yes,Stabilized & Admitted,Admitted
EM0355,L47,Arugul,E02,Road Traffic Accident / Trauma,H10,Apollo Hospitals,2026-09-22 19:08,17.03,38.2,17.8,ICU,Trauma Surgery/Orthopedics,No,Stabilized & Admitted,Admitted
EM0356,L09,Rasulgarh,E01,Cardiac Arrest / Heart Attack,H27,Apex Hospital,2026-07-02 11:35,0.0,3.0,25.2,ICU,Cardiology,Yes,Referred to Another Hospital,Referred
EM0357,L14,Pokhariput,E06,Pediatric Emergency,H18,Vivekanand Hospital Bhubaneswar,2026-07-11 03:18,4.87,13.0,25.2,ICU,Pediatrics,Yes,Stabilized & Admitted,Admitted
EM0358,L05,Saheed Nagar,E01,Cardiac Arrest / Heart Attack,H28,Padma Hospital,2026-06-24 16:09,0.0,3.0,35.8,ICU,Cardiology,Yes,Stabilized & Admitted,Admitted
EM0359,L44,Jankia,E07,Severe Burns,H13,KIMS / Pradyumna Bal Memorial Hospital,2026-04-26 14:56,26.49,55.5,27.3,ICU,Plastic Surgery/Burns Unit,No,Stabilized & Admitted,Admitted
EM0360,L05,Saheed Nagar,E06,Pediatric Emergency,H28,Padma Hospital,2026-03-14 12:32,0.0,3.0,28.0,ICU,Pediatrics,Yes,Referred to Another Hospital,Referred
EM0361,L15,Sundarpada,E06,Pediatric Emergency,H19,Usthi Hospital,2026-03-21 11:14,3.19,9.2,35.0,ICU,Pediatrics,No,Stabilized & Admitted,Admitted
EM0362,L28,Mancheswar,E08,Poisoning / Overdose,H22,Health Village Hospital,2026-08-30 20:21,3.96,17.5,30.2,ICU,General Medicine/Toxicology,Yes,Stabilized & Admitted,Admitted
EM0363,L21,Tamando,E08,Poisoning / Overdose,H25,AMRI Hospitals,2026-05-13 15:44,3.15,5.8,23.3,ICU,General Medicine/Toxicology,No,Stabilized & Admitted,Admitted
EM0364,L20,Dumduma,E02,Road Traffic Accident / Trauma,H23,Hi-Tech Medical College & Hospital,2026-06-29 14:39,3.78,11.4,29.1,ICU,Trauma Surgery/Orthopedics,No,Deceased,Deceased
EM0365,L13,Vani Vihar,E02,Road Traffic Accident / Trauma,H01,Capital Hospital,2026-05-05 06:53,3.06,8.7,28.0,ICU,Trauma Surgery/Orthopedics,Yes,Stabilized & Admitted,Admitted
EM0366,L14,Pokhariput,E02,Road Traffic Accident / Trauma,H01,Capital Hospital,2026-08-03 16:27,5.66,21.7,27.2,ICU,Trauma Surgery/Orthopedics,Yes,Stabilized & Admitted,Admitted
EM0367,L26,Andharua,E02,Road Traffic Accident / Trauma,H13,KIMS / Pradyumna Bal Memorial Hospital,2026-05-17 03:03,1.34,4.2,33.4,ICU,Trauma Surgery/Orthopedics,Yes,Referred to Another Hospital,Referred
EM0368,L38,Begunia,E01,Cardiac Arrest / Heart Attack,H21,Bijaya Multispeciality Hospital,2026-08-07 14:04,38.62,113.5,25.8,ICU,Cardiology,Yes,Stabilized & Admitted,Admitted
EM0369,L31,Dhauli,E02,Road Traffic Accident / Trauma,H10,Apollo Hospitals,2026-07-31 17:01,12.16,42.1,20.6,ICU,Trauma Surgery/Orthopedics,Yes,Stabilized & Admitted,Admitted
EM0370,L13,Vani Vihar,E04,Severe Respiratory Distress,H10,Apollo Hospitals,2026-08-31 04:18,1.49,5.5,14.4,ICU,Pulmonology,Yes,Stabilized & Admitted,Admitted
EM0371,L01,Patia,E07,Severe Burns,H10,Apollo Hospitals,2026-05-01 18:26,6.33,18.7,18.4,ICU,Plastic Surgery/Burns Unit,Yes,Stabilized & Admitted,Admitted
EM0372,L43,Chilika,E04,Severe Respiratory Distress,H25,AMRI Hospitals,2026-07-13 11:04,81.23,243.4,29.6,ICU,Pulmonology,Yes,Stabilized & Admitted,Admitted
EM0373,L50,Bhimpur,E02,Road Traffic Accident / Trauma,H01,Capital Hospital,2026-09-18 16:35,6.52,15.1,28.2,ICU,Trauma Surgery/Orthopedics,No,Referred to Another Hospital,Referred
EM0374,L04,Jaydev Vihar,E02,Road Traffic Accident / Trauma,H10,Apollo Hospitals,2026-03-12 20:24,0.68,6.3,22.2,ICU,Trauma Surgery/Orthopedics,No,Stabilized & Admitted,Admitted
EM0375,L37,Balipatna,E07,Severe Burns,H10,Apollo Hospitals,2026-03-05 11:50,13.62,27.2,19.0,ICU,Plastic Surgery/Burns Unit,Yes,Stabilized & Admitted,Admitted
EM0376,L18,Airport Area,E02,Road Traffic Accident / Trauma,H23,Hi-Tech Medical College & Hospital,2026-08-16 20:06,6.81,21.4,23.2,ICU,Trauma Surgery/Orthopedics,Yes,Stabilized & Admitted,Admitted
EM0377,L44,Jankia,E07,Severe Burns,H10,Apollo Hospitals,2026-05-25 04:02,28.71,66.3,18.1,ICU,Plastic Surgery/Burns Unit,Yes,Stabilized & Admitted,Admitted
EM0378,L19,Jagamara,E08,Poisoning / Overdose,H25,AMRI Hospitals,2026-08-12 05:53,0.99,3.0,27.9,ICU,General Medicine/Toxicology,Yes,Stabilized & Admitted,Admitted
EM0379,L26,Andharua,E04,Severe Respiratory Distress,H08,Government Hospital Chandrasekharpur,2026-08-26 15:40,6.97,16.5,41.7,ICU,Pulmonology,Yes,Stabilized & Admitted,Admitted
EM0380,L06,Old Town,E02,Road Traffic Accident / Trauma,H23,Hi-Tech Medical College & Hospital,2026-08-31 14:02,7.35,20.8,22.2,ICU,Trauma Surgery/Orthopedics,Yes,Stabilized & Admitted,Admitted
EM0381,L33,Janla,E03,Stroke,H21,Bijaya Multispeciality Hospital,2026-04-21 01:20,7.44,19.0,23.9,ICU,Neurology,No,Stabilized & Admitted,Admitted
EM0382,L04,Jaydev Vihar,E02,Road Traffic Accident / Trauma,H01,Capital Hospital,2026-09-25 17:30,3.59,9.0,21.8,ICU,Trauma Surgery/Orthopedics,Yes,Stabilized & Admitted,Admitted
EM0383,L20,Dumduma,E04,Severe Respiratory Distress,H23,Hi-Tech Medical College & Hospital,2026-04-18 09:22,3.78,14.1,19.4,ICU,Pulmonology,Yes,Stabilized & Admitted,Admitted
EM0384,L49,Balianta Rural,E08,Poisoning / Overdose,H26,Vikash Hospital Bhubaneswar,2026-08-15 10:17,12.05,23.8,28.6,ICU,General Medicine/Toxicology,Yes,Treated & Discharged,OPD/Discharged
EM0385,L37,Balipatna,E02,Road Traffic Accident / Trauma,H04,AIIMS Bhubaneswar,2026-06-11 23:28,16.04,49.9,18.2,ICU,Trauma Surgery/Orthopedics,Yes,Stabilized & Admitted,Admitted
EM0386,L08,Bomikhal,E03,Stroke,H27,Apex Hospital,2026-04-17 15:44,1.07,3.0,21.9,ICU,Neurology,Yes,Stabilized & Admitted,Admitted
EM0387,L11,Baramunda,E03,Stroke,H29,CDR Hospital,2026-07-11 08:51,0.0,4.5,35.2,ICU,Neurology,Yes,Stabilized & Admitted,Admitted
EM0388,L24,Raghunathpur,E08,Poisoning / Overdose,H14,CARE Hospitals Bhubaneswar,2026-06-19 19:52,3.64,12.5,31.7,ICU,General Medicine/Toxicology,Yes,Treated & Discharged,OPD/Discharged
EM0389,L12,Unit VI,E04,Severe Respiratory Distress,H20,IGKC Multispecialty Hospital,2026-03-27 02:20,0.76,3.0,28.5,ICU,Pulmonology,No,Stabilized & Admitted,Admitted
EM0390,L35,Khordha,E04,Severe Respiratory Distress,H23,Hi-Tech Medical College & Hospital,2026-08-02 22:27,16.36,38.0,25.6,ICU,Pulmonology,Yes,Stabilized & Admitted,Admitted
EM0391,L43,Chilika,E01,Cardiac Arrest / Heart Attack,H23,Hi-Tech Medical College & Hospital,2026-06-23 01:46,77.93,234.9,22.8,ICU,Cardiology,Yes,Stabilized & Admitted,Admitted
EM0392,L30,Lingaraj Nagar,E02,Road Traffic Accident / Trauma,H23,Hi-Tech Medical College & Hospital,2026-06-20 08:40,7.26,15.8,14.9,ICU,Trauma Surgery/Orthopedics,No,Stabilized & Admitted,Admitted
EM0393,L40,Tangi,E02,Road Traffic Accident / Trauma,H23,Hi-Tech Medical College & Hospital,2026-03-20 21:40,21.94,48.9,28.4,ICU,Trauma Surgery/Orthopedics,Yes,Stabilized & Admitted,Admitted
EM0394,L01,Patia,E02,Road Traffic Accident / Trauma,H10,Apollo Hospitals,2026-09-08 21:10,6.33,18.2,23.3,ICU,Trauma Surgery/Orthopedics,Yes,Stabilized & Admitted,Admitted
EM0395,L17,Aerodrome Area,E06,Pediatric Emergency,H37,Aditya Care Hospital,2026-08-03 21:50,2.06,3.2,35.0,ICU,Pediatrics,Yes,Treated & Discharged,OPD/Discharged
EM0396,L40,Tangi,E05,Obstetric Emergency,H25,AMRI Hospitals,2026-04-30 20:23,23.27,58.9,23.8,ICU,Obstetrics & Gynecology,No,Stabilized & Admitted,Admitted
EM0397,L32,Sisupalgarh,E07,Severe Burns,H04,AIIMS Bhubaneswar,2026-03-09 19:09,11.51,35.6,18.9,ICU,Plastic Surgery/Burns Unit,Yes,Stabilized & Admitted,Admitted
EM0398,L13,Vani Vihar,E05,Obstetric Emergency,H02,B.M.C Hospital,2026-06-04 14:48,0.78,6.4,34.3,ICU,Obstetrics & Gynecology,Yes,Treated & Discharged,OPD/Discharged
EM0399,L28,Mancheswar,E01,Cardiac Arrest / Heart Attack,H12,SUM Ultimate Medicare Hospital,2026-06-02 12:20,3.96,11.5,19.8,ICU,Cardiology,Yes,Referred to Another Hospital,Referred
EM0400,L16,Acharya Vihar,E03,Stroke,H11,Manipal Hospitals Bhubaneswar,2026-03-30 00:47,1.07,3.0,8.8,ICU,Neurology,No,Stabilized & Admitted,Admitted
EM0401,L03,Nayapalli,E02,Road Traffic Accident / Trauma,H10,Apollo Hospitals,2026-07-22 03:16,0.34,3.0,18.9,ICU,Trauma Surgery/Orthopedics,No,Stabilized & Admitted,Admitted
EM0402,L14,Pokhariput,E08,Poisoning / Overdose,H25,AMRI Hospitals,2026-04-24 19:18,1.4,6.0,23.8,ICU,General Medicine/Toxicology,Yes,Stabilized & Admitted,Admitted
EM0403,L50,Bhimpur,E02,Road Traffic Accident / Trauma,H12,SUM Ultimate Medicare Hospital,2026-04-21 03:08,12.36,33.2,27.7,ICU,Trauma Surgery/Orthopedics,Yes,Stabilized & Admitted,Admitted
EM0404,L26,Andharua,E04,Severe Respiratory Distress,H13,KIMS / Pradyumna Bal Memorial Hospital,2026-08-30 14:05,1.34,4.0,23.8,ICU,Pulmonology,Yes,Stabilized & Admitted,Admitted
EM0405,L12,Unit VI,E02,Road Traffic Accident / Trauma,H01,Capital Hospital,2026-05-21 21:22,0.0,4.8,23.6,ICU,Trauma Surgery/Orthopedics,Yes,Stabilized & Admitted,Admitted
EM0406,L24,Raghunathpur,E05,Obstetric Emergency,H24,Kalinga Hospital,2026-05-14 09:54,3.64,10.1,22.1,ICU,Obstetrics & Gynecology,Yes,Referred to Another Hospital,Referred
EM0407,L05,Saheed Nagar,E02,Road Traffic Accident / Trauma,H10,Apollo Hospitals,2026-08-27 20:11,2.98,12.0,11.0,ICU,Trauma Surgery/Orthopedics,Yes,Stabilized & Admitted,Admitted
EM0408,L24,Raghunathpur,E02,Road Traffic Accident / Trauma,H01,Capital Hospital,2026-04-01 06:50,12.28,28.3,23.3,ICU,Trauma Surgery/Orthopedics,No,Deceased,Deceased
EM0409,L24,Raghunathpur,E05,Obstetric Emergency,H24,Kalinga Hospital,2026-03-07 11:35,3.64,14.6,29.4,ICU,Obstetrics & Gynecology,Yes,Referred to Another Hospital,Referred
EM0410,L34,Jatani,E07,Severe Burns,H04,AIIMS Bhubaneswar,2026-07-20 04:39,18.65,46.3,23.3,ICU,Plastic Surgery/Burns Unit,Yes,Deceased,Deceased
EM0411,L15,Sundarpada,E03,Stroke,H19,Usthi Hospital,2026-06-10 22:46,3.19,5.1,30.4,ICU,Neurology,Yes,Referred to Another Hospital,Referred
EM0412,L19,Jagamara,E07,Severe Burns,H04,AIIMS Bhubaneswar,2026-06-13 18:04,5.61,15.1,29.1,ICU,Plastic Surgery/Burns Unit,Yes,Stabilized & Admitted,Admitted
EM0413,L50,Bhimpur,E03,Stroke,H19,Usthi Hospital,2026-03-19 14:29,1.18,3.8,37.4,ICU,Neurology,Yes,Stabilized & Admitted,Admitted
EM0414,L23,Chandaka,E03,Stroke,H03,Central Hospital East Coast Railway,2026-09-16 17:40,7.61,17.9,26.7,ICU,Neurology,No,Deceased,Deceased
EM0415,L01,Patia,E05,Obstetric Emergency,H35,Ankura Hospital for Women & Children,2026-04-03 13:32,0.0,3.4,26.6,ICU,Obstetrics & Gynecology,Yes,Treated & Discharged,OPD/Discharged
EM0416,L05,Saheed Nagar,E03,Stroke,H06,Railway Hospital Bhubaneswar,2026-04-01 16:09,1.22,3.0,29.9,ICU,Neurology,Yes,Stabilized & Admitted,Admitted
EM0417,L08,Bomikhal,E06,Pediatric Emergency,H17,Sunshine Hospital,2026-08-29 07:22,1.07,3.0,29.3,ICU,Pediatrics,No,Treated & Discharged,OPD/Discharged
EM0418,L15,Sundarpada,E04,Severe Respiratory Distress,H25,AMRI Hospitals,2026-05-12 02:16,2.79,7.3,31.4,ICU,Pulmonology,Yes,Stabilized & Admitted,Admitted
EM0419,L41,Banapur,E06,Pediatric Emergency,H19,Usthi Hospital,2026-05-10 04:40,75.34,226.8,37.2,ICU,Pediatrics,No,Stabilized & Admitted,Admitted
EM0420,L05,Saheed Nagar,E01,Cardiac Arrest / Heart Attack,H17,Sunshine Hospital,2026-07-07 20:10,1.7,6.4,29.0,ICU,Cardiology,Yes,Stabilized & Admitted,Admitted
EM0421,L23,Chandaka,E05,Obstetric Emergency,H35,Ankura Hospital for Women & Children,2026-04-13 21:39,7.5,20.0,15.8,ICU,Obstetrics & Gynecology,No,Treated & Discharged,OPD/Discharged
EM0422,L47,Arugul,E05,Obstetric Emergency,H25,AMRI Hospitals,2026-07-23 01:52,11.0,27.0,19.7,ICU,Obstetrics & Gynecology,No,Referred to Another Hospital,Referred
EM0423,L12,Unit VI,E02,Road Traffic Accident / Trauma,H01,Capital Hospital,2026-08-12 18:16,0.0,3.0,24.9,ICU,Trauma Surgery/Orthopedics,Yes,Stabilized & Admitted,Admitted
EM0424,L05,Saheed Nagar,E02,Road Traffic Accident / Trauma,H04,AIIMS Bhubaneswar,2026-06-15 19:40,5.39,15.9,22.5,ICU,Trauma Surgery/Orthopedics,Yes,Deceased,Deceased
EM0425,L21,Tamando,E04,Severe Respiratory Distress,H25,AMRI Hospitals,2026-07-18 09:41,3.15,14.5,15.6,ICU,Pulmonology,Yes,Stabilized & Admitted,Admitted
EM0426,L25,Kalarahanga,E01,Cardiac Arrest / Heart Attack,H35,Ankura Hospital for Women & Children,2026-09-23 21:25,3.42,8.3,20.2,ICU,Cardiology,Yes,Stabilized & Admitted,Admitted
EM0427,L15,Sundarpada,E08,Poisoning / Overdose,H25,AMRI Hospitals,2026-03-16 05:28,2.79,6.3,24.1,ICU,General Medicine/Toxicology,No,Stabilized & Admitted,Admitted
EM0428,L42,Balugaon,E03,Stroke,H13,KIMS / Pradyumna Bal Memorial Hospital,2026-05-27 19:09,72.17,189.6,28.3,ICU,Neurology,Yes,Stabilized & Admitted,Admitted
EM0429,L45,Nirakarpur,E02,Road Traffic Accident / Trauma,H04,AIIMS Bhubaneswar,2026-09-04 11:25,37.49,106.4,24.7,ICU,Trauma Surgery/Orthopedics,No,Stabilized & Admitted,Admitted
EM0430,L45,Nirakarpur,E02,Road Traffic Accident / Trauma,H10,Apollo Hospitals,2026-07-22 03:20,38.62,119.0,26.0,ICU,Trauma Surgery/Orthopedics,Yes,Stabilized & Admitted,Admitted
EM0431,L43,Chilika,E02,Road Traffic Accident / Trauma,H23,Hi-Tech Medical College & Hospital,2026-06-24 07:09,77.93,222.6,27.7,ICU,Trauma Surgery/Orthopedics,Yes,Deceased,Deceased
EM0432,L12,Unit VI,E07,Severe Burns,H04,AIIMS Bhubaneswar,2026-06-07 19:26,6.1,19.1,22.4,ICU,Plastic Surgery/Burns Unit,No,Stabilized & Admitted,Admitted
EM0433,L43,Chilika,E03,Stroke,H21,Bijaya Multispeciality Hospital,2026-04-10 10:59,83.55,243.0,26.4,ICU,Neurology,Yes,Referred to Another Hospital,Referred
EM0434,L18,Airport Area,E02,Road Traffic Accident / Trauma,H10,Apollo Hospitals,2026-09-12 05:31,5.34,13.0,22.2,ICU,Trauma Surgery/Orthopedics,Yes,Stabilized & Admitted,Admitted
EM0435,L46,Kaipadar,E02,Road Traffic Accident / Trauma,H13,KIMS / Pradyumna Bal Memorial Hospital,2026-05-18 15:01,32.43,66.2,16.2,ICU,Trauma Surgery/Orthopedics,Yes,Deceased,Deceased
EM0436,L19,Jagamara,E01,Cardiac Arrest / Heart Attack,H29,CDR Hospital,2026-06-26 07:13,3.07,10.4,27.1,ICU,Cardiology,Yes,Stabilized & Admitted,Admitted
EM0437,L44,Jankia,E02,Road Traffic Accident / Trauma,H12,SUM Ultimate Medicare Hospital,2026-05-12 15:38,29.78,69.8,24.7,ICU,Trauma Surgery/Orthopedics,No,Referred to Another Hospital,Referred
EM0438,L27,Barimunda,E02,Road Traffic Accident / Trauma,H13,KIMS / Pradyumna Bal Memorial Hospital,2026-06-29 09:34,5.17,13.4,25.1,ICU,Trauma Surgery/Orthopedics,Yes,Deceased,Deceased
EM0439,L48,Angulapada,E02,Road Traffic Accident / Trauma,H01,Capital Hospital,2026-04-04 08:46,17.48,56.7,30.2,ICU,Trauma Surgery/Orthopedics,No,Stabilized & Admitted,Admitted
EM0440,L45,Nirakarpur,E02,Road Traffic Accident / Trauma,H10,Apollo Hospitals,2026-03-12 12:03,38.62,104.3,24.2,ICU,Trauma Surgery/Orthopedics,Yes,Referred to Another Hospital,Referred
EM0441,L27,Barimunda,E03,Stroke,H35,Ankura Hospital for Women & Children,2026-07-20 09:04,3.23,7.2,35.5,ICU,Neurology,Yes,Stabilized & Admitted,Admitted
EM0442,L40,Tangi,E01,Cardiac Arrest / Heart Attack,H19,Usthi Hospital,2026-07-19 08:52,26.18,70.5,30.3,ICU,Cardiology,Yes,Stabilized & Admitted,Admitted
EM0443,L32,Sisupalgarh,E02,Road Traffic Accident / Trauma,H01,Capital Hospital,2026-03-31 04:06,5.87,14.6,29.5,ICU,Trauma Surgery/Orthopedics,Yes,Stabilized & Admitted,Admitted
EM0444,L49,Balianta Rural,E02,Road Traffic Accident / Trauma,H12,SUM Ultimate Medicare Hospital,2026-05-26 17:23,18.55,52.5,26.8,ICU,Trauma Surgery/Orthopedics,Yes,Stabilized & Admitted,Admitted
EM0445,L43,Chilika,E05,Obstetric Emergency,H04,AIIMS Bhubaneswar,2026-07-09 12:32,85.93,189.9,31.8,ICU,Obstetrics & Gynecology,No,Treated & Discharged,OPD/Discharged
EM0446,L15,Sundarpada,E02,Road Traffic Accident / Trauma,H04,AIIMS Bhubaneswar,2026-08-30 10:51,6.67,19.9,25.9,ICU,Trauma Surgery/Orthopedics,Yes,Stabilized & Admitted,Admitted
EM0447,L42,Balugaon,E02,Road Traffic Accident / Trauma,H13,KIMS / Pradyumna Bal Memorial Hospital,2026-08-03 16:08,72.17,184.0,15.4,ICU,Trauma Surgery/Orthopedics,Yes,Stabilized & Admitted,Admitted
EM0448,L35,Khordha,E07,Severe Burns,H04,AIIMS Bhubaneswar,2026-04-11 12:39,23.1,65.5,22.8,ICU,Plastic Surgery/Burns Unit,Yes,Referred to Another Hospital,Referred
EM0449,L20,Dumduma,E02,Road Traffic Accident / Trauma,H23,Hi-Tech Medical College & Hospital,2026-05-26 16:53,3.78,8.5,25.9,ICU,Trauma Surgery/Orthopedics,Yes,Stabilized & Admitted,Admitted
EM0450,L33,Janla,E05,Obstetric Emergency,H23,Hi-Tech Medical College & Hospital,2026-07-23 09:30,6.1,16.6,24.6,ICU,Obstetrics & Gynecology,Yes,Stabilized & Admitted,Admitted
EM0451,L26,Andharua,E01,Cardiac Arrest / Heart Attack,H13,KIMS / Pradyumna Bal Memorial Hospital,2026-08-20 03:26,1.34,3.5,27.2,ICU,Cardiology,Yes,Stabilized & Admitted,Admitted
EM0452,L07,Khandagiri,E06,Pediatric Emergency,H23,Hi-Tech Medical College & Hospital,2026-09-02 22:40,5.58,17.0,27.8,ICU,Pediatrics,Yes,Treated & Discharged,OPD/Discharged
EM0453,L35,Khordha,E03,Stroke,H19,Usthi Hospital,2026-08-15 18:36,20.67,69.0,37.3,ICU,Neurology,Yes,Stabilized & Admitted,Admitted
EM0454,L36,Balianta,E02,Road Traffic Accident / Trauma,H04,AIIMS Bhubaneswar,2026-07-01 05:33,14.47,40.2,28.9,ICU,Trauma Surgery/Orthopedics,No,Stabilized & Admitted,Admitted
EM0455,L49,Balianta Rural,E02,Road Traffic Accident / Trauma,H23,Hi-Tech Medical College & Hospital,2026-06-06 04:52,21.34,52.5,30.9,ICU,Trauma Surgery/Orthopedics,No,Stabilized & Admitted,Admitted
EM0456,L30,Lingaraj Nagar,E01,Cardiac Arrest / Heart Attack,H15,Aditya Ashwini Hospital,2026-08-27 03:12,1.39,3.0,35.5,ICU,Cardiology,Yes,Stabilized & Admitted,Admitted
EM0457,L13,Vani Vihar,E01,Cardiac Arrest / Heart Attack,H18,Vivekanand Hospital Bhubaneswar,2026-04-08 13:44,1.37,4.7,38.9,ICU,Cardiology,Yes,Stabilized & Admitted,Admitted
EM0458,L33,Janla,E01,Cardiac Arrest / Heart Attack,H29,CDR Hospital,2026-08-04 15:55,7.44,23.3,33.6,ICU,Cardiology,No,Stabilized & Admitted,Admitted
EM0459,L20,Dumduma,E04,Severe Respiratory Distress,H21,Bijaya Multispeciality Hospital,2026-08-28 04:33,4.62,12.9,32.1,ICU,Pulmonology,Yes,Stabilized & Admitted,Admitted
EM0460,L10,Kalinga Nagar,E01,Cardiac Arrest / Heart Attack,H05,ESI Hospital Bhubaneswar,2026-08-17 15:33,0.0,3.0,24.2,ICU,Cardiology,Yes,Referred to Another Hospital,Referred
EM0461,L35,Khordha,E08,Poisoning / Overdose,H29,CDR Hospital,2026-06-26 17:21,20.75,60.0,23.4,ICU,General Medicine/Toxicology,Yes,Treated & Discharged,OPD/Discharged
EM0462,L16,Acharya Vihar,E06,Pediatric Emergency,H10,Apollo Hospitals,2026-09-01 21:41,1.69,6.9,15.9,ICU,Pediatrics,Yes,Stabilized & Admitted,Admitted
EM0463,L37,Balipatna,E04,Severe Respiratory Distress,H26,Vikash Hospital Bhubaneswar,2026-07-02 06:15,8.79,18.9,20.4,ICU,Pulmonology,No,Stabilized & Admitted,Admitted
EM0464,L41,Banapur,E04,Severe Respiratory Distress,H23,Hi-Tech Medical College & Hospital,2026-05-16 09:45,71.16,200.1,24.7,ICU,Pulmonology,No,Stabilized & Admitted,Admitted
EM0465,L03,Nayapalli,E01,Cardiac Arrest / Heart Attack,H18,Vivekanand Hospital Bhubaneswar,2026-05-21 15:22,0.0,3.0,20.3,ICU,Cardiology,Yes,Stabilized & Admitted,Admitted
EM0466,L33,Janla,E06,Pediatric Emergency,H25,AMRI Hospitals,2026-09-01 08:18,5.34,17.5,21.7,ICU,Pediatrics,No,Stabilized & Admitted,Admitted
EM0467,L33,Janla,E06,Pediatric Emergency,H23,Hi-Tech Medical College & Hospital,2026-06-06 12:52,6.1,21.5,31.6,ICU,Pediatrics,No,Referred to Another Hospital,Referred
EM0468,L26,Andharua,E08,Poisoning / Overdose,H13,KIMS / Pradyumna Bal Memorial Hospital,2026-04-07 09:02,1.34,7.0,29.5,ICU,General Medicine/Toxicology,No,Referred to Another Hospital,Referred
EM0469,L15,Sundarpada,E02,Road Traffic Accident / Trauma,H10,Apollo Hospitals,2026-05-28 14:41,6.47,21.1,21.4,ICU,Trauma Surgery/Orthopedics,Yes,Stabilized & Admitted,Admitted
EM0470,L43,Chilika,E02,Road Traffic Accident / Trauma,H04,AIIMS Bhubaneswar,2026-04-21 17:17,85.93,246.0,21.1,ICU,Trauma Surgery/Orthopedics,No,Referred to Another Hospital,Referred
EM0471,L08,Bomikhal,E01,Cardiac Arrest / Heart Attack,H26,Vikash Hospital Bhubaneswar,2026-04-05 03:39,0.0,3.0,26.5,ICU,Cardiology,Yes,Stabilized & Admitted,Admitted
EM0472,L16,Acharya Vihar,E02,Road Traffic Accident / Trauma,H01,Capital Hospital,2026-03-13 21:57,3.79,8.1,28.2,ICU,Trauma Surgery/Orthopedics,No,Referred to Another Hospital,Referred
EM0473,L42,Balugaon,E08,Poisoning / Overdose,H23,Hi-Tech Medical College & Hospital,2026-03-14 03:26,70.06,174.9,23.1,ICU,General Medicine/Toxicology,No,Treated & Discharged,OPD/Discharged
EM0474,L01,Patia,E02,Road Traffic Accident / Trauma,H12,SUM Ultimate Medicare Hospital,2026-08-22 04:00,2.35,7.7,16.6,ICU,Trauma Surgery/Orthopedics,Yes,Stabilized & Admitted,Admitted
EM0475,L46,Kaipadar,E01,Cardiac Arrest / Heart Attack,H25,AMRI Hospitals,2026-04-10 13:41,27.58,60.8,27.5,ICU,Cardiology,Yes,Stabilized & Admitted,Admitted
EM0476,L25,Kalarahanga,E05,Obstetric Emergency,H03,Central Hospital East Coast Railway,2026-07-01 20:12,3.68,11.7,33.9,ICU,Obstetrics & Gynecology,No,Treated & Discharged,OPD/Discharged
EM0477,L46,Kaipadar,E04,Severe Respiratory Distress,H29,CDR Hospital,2026-05-13 20:03,29.38,65.1,27.4,ICU,Pulmonology,Yes,Referred to Another Hospital,Referred
EM0478,L05,Saheed Nagar,E06,Pediatric Emergency,H01,Capital Hospital,2026-07-25 07:34,1.48,3.0,27.6,ICU,Pediatrics,No,Stabilized & Admitted,Admitted
EM0479,L28,Mancheswar,E01,Cardiac Arrest / Heart Attack,H05,ESI Hospital Bhubaneswar,2026-03-10 05:26,3.96,12.8,28.6,ICU,Cardiology,No,Stabilized & Admitted,Admitted
EM0480,L22,Aiginia,E08,Poisoning / Overdose,H23,Hi-Tech Medical College & Hospital,2026-03-10 12:50,3.22,6.0,18.8,ICU,General Medicine/Toxicology,Yes,Stabilized & Admitted,Admitted
EM0481,L35,Khordha,E05,Obstetric Emergency,H04,AIIMS Bhubaneswar,2026-05-14 01:00,23.1,62.4,12.7,ICU,Obstetrics & Gynecology,No,Stabilized & Admitted,Admitted
EM0482,L10,Kalinga Nagar,E03,Stroke,H12,SUM Ultimate Medicare Hospital,2026-05-25 09:29,0.0,3.0,20.5,ICU,Neurology,Yes,Stabilized & Admitted,Admitted
EM0483,L34,Jatani,E05,Obstetric Emergency,H06,Railway Hospital Bhubaneswar,2026-07-05 04:54,18.49,38.9,31.1,ICU,Obstetrics & Gynecology,Yes,Stabilized & Admitted,Admitted
EM0484,L34,Jatani,E04,Severe Respiratory Distress,H07,Municipal Hospital Old Town,2026-09-24 03:21,15.88,39.5,27.1,ICU,Pulmonology,No,Stabilized & Admitted,Admitted
EM0485,L29,Mancheswar Industrial Area,E08,Poisoning / Overdose,H26,Vikash Hospital Bhubaneswar,2026-05-05 22:11,4.88,15.9,34.1,ICU,General Medicine/Toxicology,No,Treated & Discharged,OPD/Discharged
EM0486,L45,Nirakarpur,E08,Poisoning / Overdose,H19,Usthi Hospital,2026-05-15 18:43,32.23,106.8,39.9,ICU,General Medicine/Toxicology,Yes,Treated & Discharged,OPD/Discharged
EM0487,L48,Angulapada,E04,Severe Respiratory Distress,H21,Bijaya Multispeciality Hospital,2026-08-11 12:52,13.46,29.0,19.6,ICU,Pulmonology,Yes,Stabilized & Admitted,Admitted
EM0488,L12,Unit VI,E02,Road Traffic Accident / Trauma,H01,Capital Hospital,2026-06-11 21:06,0.0,3.0,27.2,ICU,Trauma Surgery/Orthopedics,No,Referred to Another Hospital,Referred
EM0489,L26,Andharua,E05,Obstetric Emergency,H13,KIMS / Pradyumna Bal Memorial Hospital,2026-05-22 07:00,1.34,3.0,32.1,ICU,Obstetrics & Gynecology,No,Treated & Discharged,OPD/Discharged
EM0490,L26,Andharua,E01,Cardiac Arrest / Heart Attack,H13,KIMS / Pradyumna Bal Memorial Hospital,2026-09-09 08:21,1.34,3.5,25.9,ICU,Cardiology,Yes,Stabilized & Admitted,Admitted
EM0491,L39,Bolagarh,E05,Obstetric Emergency,H21,Bijaya Multispeciality Hospital,2026-03-03 08:41,43.52,123.8,24.7,ICU,Obstetrics & Gynecology,No,Stabilized & Admitted,Admitted
EM0492,L17,Aerodrome Area,E02,Road Traffic Accident / Trauma,H01,Capital Hospital,2026-08-18 03:29,3.05,7.9,29.7,ICU,Trauma Surgery/Orthopedics,No,Referred to Another Hospital,Referred
EM0493,L19,Jagamara,E08,Poisoning / Overdose,H21,Bijaya Multispeciality Hospital,2026-07-07 22:49,3.07,9.3,20.3,ICU,General Medicine/Toxicology,No,Treated & Discharged,OPD/Discharged
EM0494,L42,Balugaon,E05,Obstetric Emergency,H04,AIIMS Bhubaneswar,2026-05-15 11:39,74.05,203.3,34.2,ICU,Obstetrics & Gynecology,No,Stabilized & Admitted,Admitted
EM0495,L20,Dumduma,E06,Pediatric Emergency,H25,AMRI Hospitals,2026-07-01 04:29,1.83,10.0,35.4,ICU,Pediatrics,Yes,Stabilized & Admitted,Admitted
EM0496,L37,Balipatna,E02,Road Traffic Accident / Trauma,H12,SUM Ultimate Medicare Hospital,2026-06-15 22:35,16.13,38.1,23.5,ICU,Trauma Surgery/Orthopedics,Yes,Referred to Another Hospital,Referred
EM0497,L44,Jankia,E04,Severe Respiratory Distress,H25,AMRI Hospitals,2026-09-22 21:52,23.43,51.9,24.1,ICU,Pulmonology,Yes,Stabilized & Admitted,Admitted
EM0498,L37,Balipatna,E03,Stroke,H27,Apex Hospital,2026-09-10 19:55,9.49,27.3,24.8,ICU,Neurology,No,Stabilized & Admitted,Admitted
EM0499,L35,Khordha,E07,Severe Burns,H10,Apollo Hospitals,2026-07-14 22:23,24.73,55.7,31.1,ICU,Plastic Surgery/Burns Unit,Yes,Stabilized & Admitted,Admitted
EM0500,L26,Andharua,E04,Severe Respiratory Distress,H13,KIMS / Pradyumna Bal Memorial Hospital,2026-03-16 17:57,1.34,6.2,20.8,ICU,Pulmonology,Yes,Referred to Another Hospital,Referred
EM0501,L21,Tamando,E01,Cardiac Arrest / Heart Attack,H29,CDR Hospital,2026-04-08 05:20,5.39,15.4,35.1,ICU,Cardiology,Yes,Deceased,Deceased
EM0502,L49,Balianta Rural,E07,Severe Burns,H10,Apollo Hospitals,2026-08-22 06:45,16.76,36.7,20.6,ICU,Plastic Surgery/Burns Unit,Yes,Stabilized & Admitted,Admitted
EM0503,L44,Jankia,E06,Pediatric Emergency,H25,AMRI Hospitals,2026-07-09 14:51,23.43,54.9,24.8,ICU,Pediatrics,No,Stabilized & Admitted,Admitted
EM0504,L35,Khordha,E01,Cardiac Arrest / Heart Attack,H25,AMRI Hospitals,2026-06-15 14:36,18.56,58.6,23.3,ICU,Cardiology,Yes,Stabilized & Admitted,Admitted
EM0505,L18,Airport Area,E01,Cardiac Arrest / Heart Attack,H15,Aditya Ashwini Hospital,2026-09-23 09:46,1.95,7.5,25.3,ICU,Cardiology,No,Referred to Another Hospital,Referred
EM0506,L42,Balugaon,E05,Obstetric Emergency,H13,KIMS / Pradyumna Bal Memorial Hospital,2026-03-01 23:13,72.17,236.9,21.6,ICU,Obstetrics & Gynecology,Yes,Referred to Another Hospital,Referred
EM0507,L40,Tangi,E04,Severe Respiratory Distress,H25,AMRI Hospitals,2026-05-28 22:04,23.27,54.3,25.9,ICU,Pulmonology,Yes,Deceased,Deceased
EM0508,L19,Jagamara,E02,Road Traffic Accident / Trauma,H10,Apollo Hospitals,2026-03-18 15:02,6.08,13.3,20.6,ICU,Trauma Surgery/Orthopedics,No,Stabilized & Admitted,Admitted
EM0509,L50,Bhimpur,E02,Road Traffic Accident / Trauma,H12,SUM Ultimate Medicare Hospital,2026-04-04 20:46,12.36,33.8,22.6,ICU,Trauma Surgery/Orthopedics,Yes,Stabilized & Admitted,Admitted
EM0510,L30,Lingaraj Nagar,E02,Road Traffic Accident / Trauma,H10,Apollo Hospitals,2026-06-06 14:55,5.5,13.8,16.9,ICU,Trauma Surgery/Orthopedics,No,Stabilized & Admitted,Admitted
EM0511,L29,Mancheswar Industrial Area,E02,Road Traffic Accident / Trauma,H12,SUM Ultimate Medicare Hospital,2026-03-21 21:42,5.77,12.6,26.0,ICU,Trauma Surgery/Orthopedics,No,Stabilized & Admitted,Admitted
EM0512,L27,Barimunda,E02,Road Traffic Accident / Trauma,H12,SUM Ultimate Medicare Hospital,2026-05-29 03:11,3.27,5.8,24.2,ICU,Trauma Surgery/Orthopedics,No,Deceased,Deceased
EM0513,L02,Chandrasekharpur,E04,Severe Respiratory Distress,H24,Kalinga Hospital,2026-04-02 23:14,0.0,3.0,26.8,ICU,Pulmonology,Yes,Referred to Another Hospital,Referred
EM0514,L50,Bhimpur,E02,Road Traffic Accident / Trauma,H04,AIIMS Bhubaneswar,2026-05-16 14:43,8.91,22.4,22.3,ICU,Trauma Surgery/Orthopedics,Yes,Stabilized & Admitted,Admitted
EM0515,L42,Balugaon,E05,Obstetric Emergency,H25,AMRI Hospitals,2026-06-06 07:15,71.0,160.9,20.9,ICU,Obstetrics & Gynecology,Yes,Stabilized & Admitted,Admitted
EM0516,L09,Rasulgarh,E01,Cardiac Arrest / Heart Attack,H26,Vikash Hospital Bhubaneswar,2026-04-18 23:48,1.07,3.0,31.7,ICU,Cardiology,Yes,Stabilized & Admitted,Admitted
EM0517,L15,Sundarpada,E05,Obstetric Emergency,H01,Capital Hospital,2026-06-16 19:49,5.46,20.6,24.2,ICU,Obstetrics & Gynecology,Yes,Stabilized & Admitted,Admitted
EM0518,L38,Begunia,E08,Poisoning / Overdose,H23,Hi-Tech Medical College & Hospital,2026-05-01 06:04,35.64,77.4,25.6,ICU,General Medicine/Toxicology,Yes,Treated & Discharged,OPD/Discharged
EM0519,L28,Mancheswar,E02,Road Traffic Accident / Trauma,H10,Apollo Hospitals,2026-08-01 21:45,4.88,13.5,18.7,ICU,Trauma Surgery/Orthopedics,No,Stabilized & Admitted,Admitted
EM0520,L10,Kalinga Nagar,E08,Poisoning / Overdose,H12,SUM Ultimate Medicare Hospital,2026-03-12 12:28,0.0,3.0,14.5,ICU,General Medicine/Toxicology,Yes,Stabilized & Admitted,Admitted
EM0521,L43,Chilika,E05,Obstetric Emergency,H04,AIIMS Bhubaneswar,2026-09-15 01:08,85.93,247.3,25.6,ICU,Obstetrics & Gynecology,No,Stabilized & Admitted,Admitted
EM0522,L37,Balipatna,E07,Severe Burns,H10,Apollo Hospitals,2026-09-25 23:36,13.62,34.0,13.3,ICU,Plastic Surgery/Burns Unit,Yes,Stabilized & Admitted,Admitted
EM0523,L24,Raghunathpur,E02,Road Traffic Accident / Trauma,H12,SUM Ultimate Medicare Hospital,2026-08-20 10:15,5.18,16.4,23.4,ICU,Trauma Surgery/Orthopedics,No,Deceased,Deceased
EM0524,L17,Aerodrome Area,E07,Severe Burns,H01,Capital Hospital,2026-08-17 16:14,3.05,7.5,31.0,ICU,Plastic Surgery/Burns Unit,Yes,Referred to Another Hospital,Referred
EM0525,L10,Kalinga Nagar,E05,Obstetric Emergency,H12,SUM Ultimate Medicare Hospital,2026-07-21 18:56,0.0,3.0,20.5,ICU,Obstetrics & Gynecology,Yes,Treated & Discharged,OPD/Discharged
EM0526,L08,Bomikhal,E02,Road Traffic Accident / Trauma,H23,Hi-Tech Medical College & Hospital,2026-08-21 13:35,11.88,25.8,16.6,ICU,Trauma Surgery/Orthopedics,Yes,Deceased,Deceased
EM0527,L11,Baramunda,E01,Cardiac Arrest / Heart Attack,H25,AMRI Hospitals,2026-08-12 21:24,2.8,11.8,19.0,ICU,Cardiology,No,Stabilized & Admitted,Admitted
EM0528,L22,Aiginia,E08,Poisoning / Overdose,H29,CDR Hospital,2026-06-15 13:09,5.15,11.5,30.0,ICU,General Medicine/Toxicology,No,Stabilized & Admitted,Admitted
EM0529,L34,Jatani,E04,Severe Respiratory Distress,H25,AMRI Hospitals,2026-07-16 15:15,13.22,36.0,24.8,ICU,Pulmonology,Yes,Stabilized & Admitted,Admitted
EM0530,L49,Balianta Rural,E01,Cardiac Arrest / Heart Attack,H17,Sunshine Hospital,2026-08-29 04:51,12.48,26.7,27.9,ICU,Cardiology,No,Stabilized & Admitted,Admitted
EM0531,L42,Balugaon,E04,Severe Respiratory Distress,H13,KIMS / Pradyumna Bal Memorial Hospital,2026-06-14 13:35,72.17,182.2,35.3,ICU,Pulmonology,No,Stabilized & Admitted,Admitted
EM0532,L12,Unit VI,E07,Severe Burns,H01,Capital Hospital,2026-05-05 06:21,0.0,3.0,36.8,ICU,Plastic Surgery/Burns Unit,Yes,Stabilized & Admitted,Admitted
EM0533,L13,Vani Vihar,E03,Stroke,H11,Manipal Hospitals Bhubaneswar,2026-06-03 02:34,0.82,6.4,10.4,ICU,Neurology,Yes,Stabilized & Admitted,Admitted
EM0534,L10,Kalinga Nagar,E02,Road Traffic Accident / Trauma,H12,SUM Ultimate Medicare Hospital,2026-05-08 12:43,0.0,3.0,18.6,ICU,Trauma Surgery/Orthopedics,Yes,Stabilized & Admitted,Admitted
EM0535,L46,Kaipadar,E04,Severe Respiratory Distress,H19,Usthi Hospital,2026-03-19 06:51,30.45,70.6,28.1,ICU,Pulmonology,Yes,Stabilized & Admitted,Admitted
EM0536,L22,Aiginia,E08,Poisoning / Overdose,H23,Hi-Tech Medical College & Hospital,2026-07-22 06:30,3.22,10.2,28.0,ICU,General Medicine/Toxicology,Yes,Stabilized & Admitted,Admitted
EM0537,L24,Raghunathpur,E02,Road Traffic Accident / Trauma,H12,SUM Ultimate Medicare Hospital,2026-05-17 00:13,5.18,19.5,26.8,ICU,Trauma Surgery/Orthopedics,Yes,Referred to Another Hospital,Referred
EM0538,L39,Bolagarh,E08,Poisoning / Overdose,H25,AMRI Hospitals,2026-03-31 23:48,42.24,91.4,17.9,ICU,General Medicine/Toxicology,No,Stabilized & Admitted,Admitted
EM0539,L40,Tangi,E01,Cardiac Arrest / Heart Attack,H23,Hi-Tech Medical College & Hospital,2026-08-02 22:13,21.94,55.1,21.5,ICU,Cardiology,No,Stabilized & Admitted,Admitted
EM0540,L39,Bolagarh,E01,Cardiac Arrest / Heart Attack,H21,Bijaya Multispeciality Hospital,2026-05-22 09:24,43.52,114.4,23.7,ICU,Cardiology,No,Stabilized & Admitted,Admitted
EM0541,L48,Angulapada,E01,Cardiac Arrest / Heart Attack,H25,AMRI Hospitals,2026-05-18 08:23,10.99,30.5,23.9,ICU,Cardiology,Yes,Stabilized & Admitted,Admitted
EM0542,L39,Bolagarh,E06,Pediatric Emergency,H23,Hi-Tech Medical College & Hospital,2026-03-26 23:30,41.8,105.3,24.0,ICU,Pediatrics,Yes,Stabilized & Admitted,Admitted
EM0543,L08,Bomikhal,E01,Cardiac Arrest / Heart Attack,H20,IGKC Multispecialty Hospital,2026-04-22 11:20,1.96,4.6,31.0,ICU,Cardiology,Yes,Stabilized & Admitted,Admitted
EM0544,L50,Bhimpur,E01,Cardiac Arrest / Heart Attack,H16,Utkal Hospital,2026-04-26 23:09,3.81,11.9,29.3,ICU,Cardiology,Yes,Stabilized & Admitted,Admitted
EM0545,L43,Chilika,E04,Severe Respiratory Distress,H19,Usthi Hospital,2026-07-28 18:46,82.09,272.6,38.8,ICU,Pulmonology,No,Deceased,Deceased
EM0546,L35,Khordha,E01,Cardiac Arrest / Heart Attack,H19,Usthi Hospital,2026-05-24 07:24,20.67,53.0,36.5,ICU,Cardiology,No,Stabilized & Admitted,Admitted
EM0547,L45,Nirakarpur,E07,Severe Burns,H12,SUM Ultimate Medicare Hospital,2026-07-19 20:43,41.52,100.0,24.0,ICU,Plastic Surgery/Burns Unit,Yes,Stabilized & Admitted,Admitted
EM0548,L11,Baramunda,E07,Severe Burns,H10,Apollo Hospitals,2026-07-04 23:41,4.0,14.2,18.2,ICU,Plastic Surgery/Burns Unit,No,Referred to Another Hospital,Referred
EM0549,L30,Lingaraj Nagar,E01,Cardiac Arrest / Heart Attack,H37,Aditya Care Hospital,2026-09-04 11:10,1.39,4.3,29.4,ICU,Cardiology,No,Referred to Another Hospital,Referred
EM0550,L33,Janla,E05,Obstetric Emergency,H25,AMRI Hospitals,2026-04-17 17:41,5.34,18.1,22.7,ICU,Obstetrics & Gynecology,No,Stabilized & Admitted,Admitted
EM0551,L08,Bomikhal,E04,Severe Respiratory Distress,H28,Padma Hospital,2026-03-20 21:03,1.9,5.5,28.6,ICU,Pulmonology,Yes,Stabilized & Admitted,Admitted
EM0552,L14,Pokhariput,E07,Severe Burns,H04,AIIMS Bhubaneswar,2026-08-09 07:04,4.55,10.9,30.1,ICU,Plastic Surgery/Burns Unit,No,Stabilized & Admitted,Admitted
EM0553,L45,Nirakarpur,E01,Cardiac Arrest / Heart Attack,H25,AMRI Hospitals,2026-07-08 14:23,32.29,71.2,25.3,ICU,Cardiology,Yes,Stabilized & Admitted,Admitted
EM0554,L33,Janla,E03,Stroke,H21,Bijaya Multispeciality Hospital,2026-08-05 15:42,7.44,26.3,25.2,ICU,Neurology,Yes,Stabilized & Admitted,Admitted
EM0555,L26,Andharua,E04,Severe Respiratory Distress,H24,Kalinga Hospital,2026-07-20 13:00,6.97,15.6,20.1,ICU,Pulmonology,Yes,Deceased,Deceased
EM0556,L36,Balianta,E05,Obstetric Emergency,H01,Capital Hospital,2026-07-16 09:01,9.4,34.0,27.2,ICU,Obstetrics & Gynecology,No,Stabilized & Admitted,Admitted
EM0557,L42,Balugaon,E05,Obstetric Emergency,H13,KIMS / Pradyumna Bal Memorial Hospital,2026-06-19 05:06,72.17,183.1,38.5,ICU,Obstetrics & Gynecology,Yes,Treated & Discharged,OPD/Discharged
EM0558,L46,Kaipadar,E06,Pediatric Emergency,H21,Bijaya Multispeciality Hospital,2026-05-01 06:39,29.38,62.4,21.3,ICU,Pediatrics,Yes,Referred to Another Hospital,Referred
EM0559,L19,Jagamara,E01,Cardiac Arrest / Heart Attack,H23,Hi-Tech Medical College & Hospital,2026-05-08 12:05,5.27,16.7,24.2,ICU,Cardiology,Yes,Referred to Another Hospital,Referred
EM0560,L08,Bomikhal,E07,Severe Burns,H10,Apollo Hospitals,2026-07-23 07:44,4.84,13.8,15.6,ICU,Plastic Surgery/Burns Unit,Yes,Referred to Another Hospital,Referred
EM0561,L49,Balianta Rural,E04,Severe Respiratory Distress,H26,Vikash Hospital Bhubaneswar,2026-03-21 20:54,12.05,37.7,38.0,ICU,Pulmonology,Yes,Stabilized & Admitted,Admitted
EM0562,L03,Nayapalli,E05,Obstetric Emergency,H10,Apollo Hospitals,2026-06-12 12:24,0.34,3.0,20.6,ICU,Obstetrics & Gynecology,Yes,Treated & Discharged,OPD/Discharged
EM0563,L47,Arugul,E05,Obstetric Emergency,H25,AMRI Hospitals,2026-03-03 22:10,11.0,25.2,27.1,ICU,Obstetrics & Gynecology,Yes,Treated & Discharged,OPD/Discharged
EM0564,L45,Nirakarpur,E06,Pediatric Emergency,H19,Usthi Hospital,2026-08-13 10:36,32.23,105.7,32.8,ICU,Pediatrics,Yes,Stabilized & Admitted,Admitted
EM0565,L04,Jaydev Vihar,E02,Road Traffic Accident / Trauma,H04,AIIMS Bhubaneswar,2026-07-14 01:14,3.15,11.2,28.9,ICU,Trauma Surgery/Orthopedics,Yes,Stabilized & Admitted,Admitted
EM0566,L09,Rasulgarh,E01,Cardiac Arrest / Heart Attack,H27,Apex Hospital,2026-07-24 15:17,0.0,4.1,35.7,ICU,Cardiology,Yes,Stabilized & Admitted,Admitted
EM0567,L05,Saheed Nagar,E05,Obstetric Emergency,H02,B.M.C Hospital,2026-05-11 17:36,2.25,5.8,35.0,ICU,Obstetrics & Gynecology,Yes,Stabilized & Admitted,Admitted
EM0568,L25,Kalarahanga,E05,Obstetric Emergency,H35,Ankura Hospital for Women & Children,2026-05-20 00:13,3.42,7.2,18.8,ICU,Obstetrics & Gynecology,No,Stabilized & Admitted,Admitted
EM0569,L06,Old Town,E05,Obstetric Emergency,H01,Capital Hospital,2026-08-30 12:59,3.66,12.0,32.3,ICU,Obstetrics & Gynecology,No,Treated & Discharged,OPD/Discharged
EM0570,L36,Balianta,E05,Obstetric Emergency,H01,Capital Hospital,2026-05-01 18:53,9.4,28.9,30.7,ICU,Obstetrics & Gynecology,Yes,Stabilized & Admitted,Admitted
EM0571,L46,Kaipadar,E02,Road Traffic Accident / Trauma,H10,Apollo Hospitals,2026-07-17 10:24,33.37,73.8,21.8,ICU,Trauma Surgery/Orthopedics,No,Deceased,Deceased
EM0572,L09,Rasulgarh,E02,Road Traffic Accident / Trauma,H10,Apollo Hospitals,2026-08-24 23:05,4.28,8.5,20.3,ICU,Trauma Surgery/Orthopedics,Yes,Stabilized & Admitted,Admitted
EM0573,L15,Sundarpada,E06,Pediatric Emergency,H16,Utkal Hospital,2026-03-14 03:27,4.15,15.2,31.6,ICU,Pediatrics,Yes,Stabilized & Admitted,Admitted
EM0574,L20,Dumduma,E01,Cardiac Arrest / Heart Attack,H25,AMRI Hospitals,2026-08-02 19:38,1.83,3.8,21.3,ICU,Cardiology,Yes,Referred to Another Hospital,Referred
EM0575,L11,Baramunda,E01,Cardiac Arrest / Heart Attack,H21,Bijaya Multispeciality Hospital,2026-03-08 20:17,0.0,3.4,18.9,ICU,Cardiology,Yes,Deceased,Deceased
EM0576,L40,Tangi,E03,Stroke,H25,AMRI Hospitals,2026-04-28 11:35,23.27,52.1,12.2,ICU,Neurology,Yes,Referred to Another Hospital,Referred
EM0577,L42,Balugaon,E01,Cardiac Arrest / Heart Attack,H29,CDR Hospital,2026-08-22 18:42,72.4,149.3,28.0,ICU,Cardiology,Yes,Stabilized & Admitted,Admitted
EM0578,L45,Nirakarpur,E03,Stroke,H29,CDR Hospital,2026-05-15 07:45,34.9,96.2,34.7,ICU,Neurology,No,Referred to Another Hospital,Referred
EM0579,L03,Nayapalli,E02,Road Traffic Accident / Trauma,H04,AIIMS Bhubaneswar,2026-06-06 22:50,2.68,8.4,24.1,ICU,Trauma Surgery/Orthopedics,Yes,Stabilized & Admitted,Admitted
EM0580,L29,Mancheswar Industrial Area,E08,Poisoning / Overdose,H26,Vikash Hospital Bhubaneswar,2026-05-21 11:06,4.88,14.6,27.9,ICU,General Medicine/Toxicology,No,Stabilized & Admitted,Admitted
EM0581,L16,Acharya Vihar,E07,Severe Burns,H04,AIIMS Bhubaneswar,2026-06-22 11:48,4.02,17.2,23.9,ICU,Plastic Surgery/Burns Unit,No,Stabilized & Admitted,Admitted
EM0582,L03,Nayapalli,E06,Pediatric Emergency,H10,Apollo Hospitals,2026-04-17 13:28,0.34,3.0,18.5,ICU,Pediatrics,Yes,Stabilized & Admitted,Admitted
EM0583,L49,Balianta Rural,E06,Pediatric Emergency,H26,Vikash Hospital Bhubaneswar,2026-03-27 00:05,12.05,30.9,23.9,ICU,Pediatrics,Yes,Stabilized & Admitted,Admitted
EM0584,L28,Mancheswar,E03,Stroke,H05,ESI Hospital Bhubaneswar,2026-08-01 10:55,3.96,9.3,37.3,ICU,Neurology,Yes,Stabilized & Admitted,Admitted
EM0585,L03,Nayapalli,E08,Poisoning / Overdose,H09,Government Hospital Nayapalli,2026-06-08 02:46,0.0,3.0,30.5,ICU,General Medicine/Toxicology,No,Stabilized & Admitted,Admitted
EM0586,L19,Jagamara,E01,Cardiac Arrest / Heart Attack,H25,AMRI Hospitals,2026-05-02 18:33,0.99,6.4,30.9,ICU,Cardiology,Yes,Stabilized & Admitted,Admitted
EM0587,L07,Khandagiri,E08,Poisoning / Overdose,H25,AMRI Hospitals,2026-04-05 08:19,0.0,3.0,27.3,ICU,General Medicine/Toxicology,Yes,Stabilized & Admitted,Admitted
EM0588,L09,Rasulgarh,E02,Road Traffic Accident / Trauma,H01,Capital Hospital,2026-04-12 13:17,2.59,6.3,24.4,ICU,Trauma Surgery/Orthopedics,No,Stabilized & Admitted,Admitted
EM0589,L09,Rasulgarh,E04,Severe Respiratory Distress,H27,Apex Hospital,2026-03-20 11:16,0.0,3.0,45.2,ICU,Pulmonology,Yes,Stabilized & Admitted,Admitted
EM0590,L14,Pokhariput,E01,Cardiac Arrest / Heart Attack,H25,AMRI Hospitals,2026-07-05 19:39,1.4,5.9,19.5,ICU,Cardiology,No,Referred to Another Hospital,Referred
EM0591,L31,Dhauli,E05,Obstetric Emergency,H02,B.M.C Hospital,2026-05-17 00:25,11.72,33.3,14.8,ICU,Obstetrics & Gynecology,No,Stabilized & Admitted,Admitted
EM0592,L12,Unit VI,E06,Pediatric Emergency,H06,Railway Hospital Bhubaneswar,2026-09-22 10:28,0.69,4.2,20.6,ICU,Pediatrics,No,Stabilized & Admitted,Admitted
EM0593,L17,Aerodrome Area,E07,Severe Burns,H12,SUM Ultimate Medicare Hospital,2026-08-14 19:08,9.23,28.9,22.4,ICU,Plastic Surgery/Burns Unit,Yes,Referred to Another Hospital,Referred
EM0594,L38,Begunia,E04,Severe Respiratory Distress,H25,AMRI Hospitals,2026-08-25 06:30,36.94,104.8,14.9,ICU,Pulmonology,Yes,Deceased,Deceased
EM0595,L24,Raghunathpur,E02,Road Traffic Accident / Trauma,H12,SUM Ultimate Medicare Hospital,2026-05-21 09:47,5.18,19.0,18.8,ICU,Trauma Surgery/Orthopedics,Yes,Stabilized & Admitted,Admitted
EM0596,L26,Andharua,E02,Road Traffic Accident / Trauma,H13,KIMS / Pradyumna Bal Memorial Hospital,2026-07-26 07:20,1.34,4.5,26.3,ICU,Trauma Surgery/Orthopedics,No,Stabilized & Admitted,Admitted
EM0597,L08,Bomikhal,E04,Severe Respiratory Distress,H28,Padma Hospital,2026-06-09 11:07,1.9,8.8,33.7,ICU,Pulmonology,No,Stabilized & Admitted,Admitted
EM0598,L26,Andharua,E08,Poisoning / Overdose,H24,Kalinga Hospital,2026-07-18 05:43,6.97,13.7,27.1,ICU,General Medicine/Toxicology,Yes,Stabilized & Admitted,Admitted
EM0599,L12,Unit VI,E01,Cardiac Arrest / Heart Attack,H20,IGKC Multispecialty Hospital,2026-09-03 14:45,0.76,3.0,29.2,ICU,Cardiology,No,Stabilized & Admitted,Admitted
EM0600,L01,Patia,E02,Road Traffic Accident / Trauma,H12,SUM Ultimate Medicare Hospital,2026-08-25 02:52,2.35,10.5,18.3,ICU,Trauma Surgery/Orthopedics,No,Referred to Another Hospital,Referred
EM0601,L27,Barimunda,E05,Obstetric Emergency,H24,Kalinga Hospital,2026-08-20 15:08,2.93,9.8,18.8,ICU,Obstetrics & Gynecology,Yes,Stabilized & Admitted,Admitted
EM0602,L48,Angulapada,E02,Road Traffic Accident / Trauma,H10,Apollo Hospitals,2026-08-16 04:45,17.31,40.3,15.9,ICU,Trauma Surgery/Orthopedics,Yes,Stabilized & Admitted,Admitted
EM0603,L16,Acharya Vihar,E01,Cardiac Arrest / Heart Attack,H18,Vivekanand Hospital Bhubaneswar,2026-06-23 19:30,1.73,5.1,22.8,ICU,Cardiology,Yes,Stabilized & Admitted,Admitted
EM0604,L41,Banapur,E02,Road Traffic Accident / Trauma,H04,AIIMS Bhubaneswar,2026-08-25 13:34,79.08,191.6,23.2,ICU,Trauma Surgery/Orthopedics,Yes,Referred to Another Hospital,Referred
EM0605,L25,Kalarahanga,E02,Road Traffic Accident / Trauma,H10,Apollo Hospitals,2026-08-27 17:38,7.12,27.9,21.8,ICU,Trauma Surgery/Orthopedics,Yes,Stabilized & Admitted,Admitted
EM0606,L32,Sisupalgarh,E04,Severe Respiratory Distress,H37,Aditya Care Hospital,2026-09-13 07:42,3.43,6.6,29.6,ICU,Pulmonology,Yes,Stabilized & Admitted,Admitted
EM0607,L15,Sundarpada,E01,Cardiac Arrest / Heart Attack,H15,Aditya Ashwini Hospital,2026-08-04 01:36,4.0,8.4,30.6,ICU,Cardiology,Yes,Deceased,Deceased
EM0608,L26,Andharua,E01,Cardiac Arrest / Heart Attack,H13,KIMS / Pradyumna Bal Memorial Hospital,2026-06-11 10:50,1.34,5.4,30.7,ICU,Cardiology,No,Stabilized & Admitted,Admitted
EM0609,L44,Jankia,E03,Stroke,H13,KIMS / Pradyumna Bal Memorial Hospital,2026-05-06 07:32,26.49,66.7,23.0,ICU,Neurology,Yes,Stabilized & Admitted,Admitted
EM0610,L01,Patia,E02,Road Traffic Accident / Trauma,H12,SUM Ultimate Medicare Hospital,2026-08-24 18:14,2.35,7.1,18.4,ICU,Trauma Surgery/Orthopedics,Yes,Referred to Another Hospital,Referred
EM0611,L06,Old Town,E06,Pediatric Emergency,H07,Municipal Hospital Old Town,2026-09-14 21:37,0.0,3.0,37.9,ICU,Pediatrics,No,Stabilized & Admitted,Admitted
EM0612,L17,Aerodrome Area,E01,Cardiac Arrest / Heart Attack,H15,Aditya Ashwini Hospital,2026-03-07 15:06,2.06,3.8,26.4,ICU,Cardiology,Yes,Referred to Another Hospital,Referred
EM0613,L49,Balianta Rural,E03,Stroke,H26,Vikash Hospital Bhubaneswar,2026-03-22 03:53,12.05,38.0,37.8,ICU,Neurology,Yes,Stabilized & Admitted,Admitted
EM0614,L08,Bomikhal,E06,Pediatric Emergency,H28,Padma Hospital,2026-05-19 10:29,1.9,3.0,29.9,ICU,Pediatrics,Yes,Treated & Discharged,OPD/Discharged
EM0615,L49,Balianta Rural,E04,Severe Respiratory Distress,H26,Vikash Hospital Bhubaneswar,2026-05-29 15:06,12.05,28.0,28.2,ICU,Pulmonology,No,Stabilized & Admitted,Admitted
EM0616,L14,Pokhariput,E05,Obstetric Emergency,H04,AIIMS Bhubaneswar,2026-05-21 02:19,4.55,14.6,23.0,ICU,Obstetrics & Gynecology,Yes,Stabilized & Admitted,Admitted
EM0617,L36,Balianta,E01,Cardiac Arrest / Heart Attack,H28,Padma Hospital,2026-03-06 10:41,9.31,33.1,27.6,ICU,Cardiology,Yes,Stabilized & Admitted,Admitted
EM0618,L28,Mancheswar,E06,Pediatric Emergency,H12,SUM Ultimate Medicare Hospital,2026-09-06 07:33,3.96,15.9,25.5,ICU,Pediatrics,Yes,Stabilized & Admitted,Admitted
EM0619,L33,Janla,E06,Pediatric Emergency,H19,Usthi Hospital,2026-07-22 13:29,9.29,26.9,25.9,ICU,Pediatrics,No,Stabilized & Admitted,Admitted
EM0620,L35,Khordha,E03,Stroke,H29,CDR Hospital,2026-04-17 05:40,20.75,60.7,39.7,ICU,Neurology,No,Stabilized & Admitted,Admitted
EM0621,L07,Khandagiri,E04,Severe Respiratory Distress,H29,CDR Hospital,2026-09-05 19:56,2.8,7.3,42.7,ICU,Pulmonology,No,Referred to Another Hospital,Referred
EM0622,L08,Bomikhal,E02,Road Traffic Accident / Trauma,H01,Capital Hospital,2026-06-08 00:45,2.08,8.3,19.3,ICU,Trauma Surgery/Orthopedics,Yes,Stabilized & Admitted,Admitted
EM0623,L21,Tamando,E06,Pediatric Emergency,H23,Hi-Tech Medical College & Hospital,2026-08-28 02:36,5.25,15.3,26.3,ICU,Pediatrics,No,Stabilized & Admitted,Admitted
EM0624,L27,Barimunda,E03,Stroke,H03,Central Hospital East Coast Railway,2026-04-17 11:20,2.93,13.3,28.7,ICU,Neurology,Yes,Deceased,Deceased
EM0625,L50,Bhimpur,E08,Poisoning / Overdose,H16,Utkal Hospital,2026-08-19 15:33,3.81,10.0,36.2,ICU,General Medicine/Toxicology,No,Stabilized & Admitted,Admitted
EM0626,L35,Khordha,E06,Pediatric Emergency,H19,Usthi Hospital,2026-06-08 19:25,20.67,42.1,29.8,ICU,Pediatrics,Yes,Stabilized & Admitted,Admitted
EM0627,L18,Airport Area,E07,Severe Burns,H23,Hi-Tech Medical College & Hospital,2026-06-26 19:11,6.81,16.8,22.2,ICU,Plastic Surgery/Burns Unit,No,Referred to Another Hospital,Referred
EM0628,L18,Airport Area,E01,Cardiac Arrest / Heart Attack,H37,Aditya Care Hospital,2026-05-16 19:37,1.95,7.2,33.1,ICU,Cardiology,Yes,Stabilized & Admitted,Admitted
EM0629,L01,Patia,E08,Poisoning / Overdose,H14,CARE Hospitals Bhubaneswar,2026-03-31 07:19,0.78,3.0,14.5,ICU,General Medicine/Toxicology,No,Stabilized & Admitted,Admitted
EM0630,L35,Khordha,E07,Severe Burns,H01,Capital Hospital,2026-04-06 16:24,25.31,78.9,25.3,ICU,Plastic Surgery/Burns Unit,Yes,Stabilized & Admitted,Admitted
EM0631,L02,Chandrasekharpur,E01,Cardiac Arrest / Heart Attack,H14,CARE Hospitals Bhubaneswar,2026-06-07 13:11,0.0,3.0,17.4,ICU,Cardiology,Yes,Deceased,Deceased
EM0632,L17,Aerodrome Area,E05,Obstetric Emergency,H02,B.M.C Hospital,2026-08-13 05:35,4.95,14.2,27.5,ICU,Obstetrics & Gynecology,No,Referred to Another Hospital,Referred
EM0633,L28,Mancheswar,E05,Obstetric Emergency,H12,SUM Ultimate Medicare Hospital,2026-04-17 10:53,3.96,11.9,24.9,ICU,Obstetrics & Gynecology,Yes,Referred to Another Hospital,Referred
EM0634,L06,Old Town,E01,Cardiac Arrest / Heart Attack,H16,Utkal Hospital,2026-05-31 00:31,0.0,3.0,32.0,ICU,Cardiology,No,Referred to Another Hospital,Referred
EM0635,L40,Tangi,E08,Poisoning / Overdose,H23,Hi-Tech Medical College & Hospital,2026-07-22 16:41,21.94,70.7,27.4,ICU,General Medicine/Toxicology,No,Treated & Discharged,OPD/Discharged
EM0636,L34,Jatani,E03,Stroke,H19,Usthi Hospital,2026-06-15 22:53,12.71,34.6,37.2,ICU,Neurology,No,Stabilized & Admitted,Admitted
EM0637,L21,Tamando,E01,Cardiac Arrest / Heart Attack,H25,AMRI Hospitals,2026-07-23 00:50,3.15,7.3,26.6,ICU,Cardiology,Yes,Stabilized & Admitted,Admitted
EM0638,L19,Jagamara,E02,Road Traffic Accident / Trauma,H23,Hi-Tech Medical College & Hospital,2026-05-10 07:34,5.27,11.7,15.0,ICU,Trauma Surgery/Orthopedics,No,Referred to Another Hospital,Referred
EM0639,L17,Aerodrome Area,E01,Cardiac Arrest / Heart Attack,H06,Railway Hospital Bhubaneswar,2026-07-23 23:49,3.02,11.9,29.4,ICU,Cardiology,No,Deceased,Deceased
EM0640,L18,Airport Area,E04,Severe Respiratory Distress,H15,Aditya Ashwini Hospital,2026-03-29 18:07,1.95,6.2,26.8,ICU,Pulmonology,No,Referred to Another Hospital,Referred
EM0641,L01,Patia,E02,Road Traffic Accident / Trauma,H13,KIMS / Pradyumna Bal Memorial Hospital,2026-06-02 17:52,7.5,23.0,35.4,ICU,Trauma Surgery/Orthopedics,Yes,Stabilized & Admitted,Admitted
EM0642,L26,Andharua,E02,Road Traffic Accident / Trauma,H13,KIMS / Pradyumna Bal Memorial Hospital,2026-06-21 17:13,1.34,6.3,20.0,ICU,Trauma Surgery/Orthopedics,Yes,Stabilized & Admitted,Admitted
EM0643,L06,Old Town,E03,Stroke,H15,Aditya Ashwini Hospital,2026-08-15 07:19,0.29,3.0,35.3,ICU,Neurology,No,Stabilized & Admitted,Admitted
EM0644,L40,Tangi,E02,Road Traffic Accident / Trauma,H04,AIIMS Bhubaneswar,2026-05-07 11:55,27.15,55.4,21.8,ICU,Trauma Surgery/Orthopedics,Yes,Stabilized & Admitted,Admitted
EM0645,L33,Janla,E04,Severe Respiratory Distress,H19,Usthi Hospital,2026-03-31 07:13,9.29,21.1,36.7,ICU,Pulmonology,No,Deceased,Deceased
EM0646,L03,Nayapalli,E02,Road Traffic Accident / Trauma,H10,Apollo Hospitals,2026-05-29 22:39,0.34,3.0,16.1,ICU,Trauma Surgery/Orthopedics,Yes,Stabilized & Admitted,Admitted
EM0647,L09,Rasulgarh,E02,Road Traffic Accident / Trauma,H23,Hi-Tech Medical College & Hospital,2026-04-05 06:52,12.48,28.4,21.6,ICU,Trauma Surgery/Orthopedics,Yes,Stabilized & Admitted,Admitted
EM0648,L04,Jaydev Vihar,E01,Cardiac Arrest / Heart Attack,H18,Vivekanand Hospital Bhubaneswar,2026-05-29 17:17,0.66,3.0,29.7,ICU,Cardiology,Yes,Stabilized & Admitted,Admitted
EM0649,L09,Rasulgarh,E04,Severe Respiratory Distress,H26,Vikash Hospital Bhubaneswar,2026-08-28 09:18,1.07,3.0,28.9,ICU,Pulmonology,Yes,Stabilized & Admitted,Admitted
EM0650,L33,Janla,E01,Cardiac Arrest / Heart Attack,H29,CDR Hospital,2026-07-10 21:52,7.44,22.6,30.8,ICU,Cardiology,Yes,Stabilized & Admitted,Admitted
EM0651,L37,Balipatna,E02,Road Traffic Accident / Trauma,H23,Hi-Tech Medical College & Hospital,2026-09-18 13:58,16.94,57.8,33.8,ICU,Trauma Surgery/Orthopedics,Yes,Referred to Another Hospital,Referred
EM0652,L46,Kaipadar,E01,Cardiac Arrest / Heart Attack,H21,Bijaya Multispeciality Hospital,2026-08-15 04:44,29.38,94.2,23.1,ICU,Cardiology,Yes,Stabilized & Admitted,Admitted
EM0653,L17,Aerodrome Area,E06,Pediatric Emergency,H37,Aditya Care Hospital,2026-08-30 10:53,2.06,4.1,27.8,ICU,Pediatrics,Yes,Treated & Discharged,OPD/Discharged
EM0654,L23,Chandaka,E02,Road Traffic Accident / Trauma,H13,KIMS / Pradyumna Bal Memorial Hospital,2026-06-09 15:09,0.0,3.9,19.0,ICU,Trauma Surgery/Orthopedics,Yes,Referred to Another Hospital,Referred
EM0655,L08,Bomikhal,E05,Obstetric Emergency,H06,Railway Hospital Bhubaneswar,2026-06-15 12:28,2.46,5.8,32.9,ICU,Obstetrics & Gynecology,Yes,Stabilized & Admitted,Admitted
EM0656,L07,Khandagiri,E02,Road Traffic Accident / Trauma,H10,Apollo Hospitals,2026-09-13 02:25,6.34,23.7,19.2,ICU,Trauma Surgery/Orthopedics,Yes,Stabilized & Admitted,Admitted
EM0657,L17,Aerodrome Area,E06,Pediatric Emergency,H16,Utkal Hospital,2026-06-03 14:31,2.31,5.7,27.7,ICU,Pediatrics,Yes,Stabilized & Admitted,Admitted
EM0658,L45,Nirakarpur,E02,Road Traffic Accident / Trauma,H04,AIIMS Bhubaneswar,2026-09-15 23:05,37.49,100.6,23.6,ICU,Trauma Surgery/Orthopedics,Yes,Referred to Another Hospital,Referred
EM0659,L19,Jagamara,E01,Cardiac Arrest / Heart Attack,H29,CDR Hospital,2026-08-18 22:22,3.07,8.1,39.5,ICU,Cardiology,No,Stabilized & Admitted,Admitted
EM0660,L13,Vani Vihar,E03,Stroke,H10,Apollo Hospitals,2026-06-10 06:27,1.49,6.7,22.5,ICU,Neurology,No,Stabilized & Admitted,Admitted
EM0661,L46,Kaipadar,E04,Severe Respiratory Distress,H21,Bijaya Multispeciality Hospital,2026-05-22 09:21,29.38,64.6,26.3,ICU,Pulmonology,Yes,Stabilized & Admitted,Admitted
EM0662,L13,Vani Vihar,E07,Severe Burns,H01,Capital Hospital,2026-07-03 10:57,3.06,6.4,27.2,ICU,Plastic Surgery/Burns Unit,Yes,Stabilized & Admitted,Admitted
EM0663,L47,Arugul,E03,Stroke,H23,Hi-Tech Medical College & Hospital,2026-03-26 20:50,6.1,12.3,19.8,ICU,Neurology,No,Stabilized & Admitted,Admitted
EM0664,L39,Bolagarh,E01,Cardiac Arrest / Heart Attack,H13,KIMS / Pradyumna Bal Memorial Hospital,2026-04-10 14:29,43.47,91.1,27.8,ICU,Cardiology,No,Stabilized & Admitted,Admitted
EM0665,L38,Begunia,E05,Obstetric Emergency,H21,Bijaya Multispeciality Hospital,2026-04-21 22:58,38.62,133.4,31.0,ICU,Obstetrics & Gynecology,No,Stabilized & Admitted,Admitted
EM0666,L20,Dumduma,E02,Road Traffic Accident / Trauma,H01,Capital Hospital,2026-04-10 08:05,7.85,26.6,28.8,ICU,Trauma Surgery/Orthopedics,Yes,Referred to Another Hospital,Referred
EM0667,L42,Balugaon,E04,Severe Respiratory Distress,H23,Hi-Tech Medical College & Hospital,2026-06-04 21:57,70.06,162.3,19.3,ICU,Pulmonology,No,Stabilized & Admitted,Admitted
EM0668,L16,Acharya Vihar,E08,Poisoning / Overdose,H02,B.M.C Hospital,2026-08-08 09:46,1.25,3.0,28.5,ICU,General Medicine/Toxicology,Yes,Referred to Another Hospital,Referred
EM0669,L37,Balipatna,E05,Obstetric Emergency,H02,B.M.C Hospital,2026-08-15 02:45,12.88,28.9,27.9,ICU,Obstetrics & Gynecology,Yes,Stabilized & Admitted,Admitted
EM0670,L44,Jankia,E02,Road Traffic Accident / Trauma,H12,SUM Ultimate Medicare Hospital,2026-03-20 04:37,29.78,92.8,26.5,ICU,Trauma Surgery/Orthopedics,Yes,Stabilized & Admitted,Admitted
EM0671,L17,Aerodrome Area,E03,Stroke,H15,Aditya Ashwini Hospital,2026-03-03 00:44,2.06,8.7,28.7,ICU,Neurology,Yes,Stabilized & Admitted,Admitted
EM0672,L43,Chilika,E01,Cardiac Arrest / Heart Attack,H25,AMRI Hospitals,2026-06-17 22:08,81.23,219.1,24.1,ICU,Cardiology,No,Referred to Another Hospital,Referred
EM0673,L16,Acharya Vihar,E02,Road Traffic Accident / Trauma,H10,Apollo Hospitals,2026-03-23 23:51,1.69,3.9,11.6,ICU,Trauma Surgery/Orthopedics,No,Stabilized & Admitted,Admitted
EM0674,L36,Balianta,E06,Pediatric Emergency,H27,Apex Hospital,2026-05-16 04:24,7.73,24.3,32.6,ICU,Pediatrics,Yes,Stabilized & Admitted,Admitted
EM0675,L04,Jaydev Vihar,E03,Stroke,H02,B.M.C Hospital,2026-04-04 20:43,0.3,3.9,33.8,ICU,Neurology,Yes,Stabilized & Admitted,Admitted
EM0676,L42,Balugaon,E02,Road Traffic Accident / Trauma,H04,AIIMS Bhubaneswar,2026-03-03 19:41,74.05,227.1,19.2,ICU,Trauma Surgery/Orthopedics,Yes,Deceased,Deceased
EM0677,L49,Balianta Rural,E04,Severe Respiratory Distress,H27,Apex Hospital,2026-04-24 20:47,12.48,38.0,31.4,ICU,Pulmonology,No,Deceased,Deceased
EM0678,L24,Raghunathpur,E03,Stroke,H14,CARE Hospitals Bhubaneswar,2026-08-23 14:55,3.64,11.9,23.5,ICU,Neurology,Yes,Stabilized & Admitted,Admitted
EM0679,L15,Sundarpada,E06,Pediatric Emergency,H15,Aditya Ashwini Hospital,2026-04-05 03:37,4.0,15.9,27.7,ICU,Pediatrics,No,Stabilized & Admitted,Admitted
EM0680,L11,Baramunda,E03,Stroke,H21,Bijaya Multispeciality Hospital,2026-06-18 10:50,0.0,3.0,32.4,ICU,Neurology,Yes,Stabilized & Admitted,Admitted
EM0681,L42,Balugaon,E02,Road Traffic Accident / Trauma,H23,Hi-Tech Medical College & Hospital,2026-03-22 07:35,70.06,213.6,24.7,ICU,Trauma Surgery/Orthopedics,Yes,Stabilized & Admitted,Admitted
EM0682,L05,Saheed Nagar,E08,Poisoning / Overdose,H28,Padma Hospital,2026-05-12 22:01,0.0,3.0,34.8,ICU,General Medicine/Toxicology,Yes,Stabilized & Admitted,Admitted
EM0683,L35,Khordha,E01,Cardiac Arrest / Heart Attack,H25,AMRI Hospitals,2026-05-17 06:33,18.56,42.1,20.9,ICU,Cardiology,Yes,Deceased,Deceased
EM0684,L22,Aiginia,E03,Stroke,H19,Usthi Hospital,2026-06-09 09:41,4.68,10.4,36.6,ICU,Neurology,Yes,Deceased,Deceased
EM0685,L33,Janla,E03,Stroke,H23,Hi-Tech Medical College & Hospital,2026-05-01 15:24,6.1,23.9,15.8,ICU,Neurology,Yes,Stabilized & Admitted,Admitted
EM0686,L37,Balipatna,E01,Cardiac Arrest / Heart Attack,H17,Sunshine Hospital,2026-07-31 02:33,9.49,30.9,39.9,ICU,Cardiology,No,Stabilized & Admitted,Admitted
EM0687,L34,Jatani,E01,Cardiac Arrest / Heart Attack,H19,Usthi Hospital,2026-06-01 10:08,12.71,24.7,32.4,ICU,Cardiology,Yes,Stabilized & Admitted,Admitted
EM0688,L28,Mancheswar,E04,Severe Respiratory Distress,H11,Manipal Hospitals Bhubaneswar,2026-06-16 11:34,4.39,15.5,19.2,ICU,Pulmonology,No,Referred to Another Hospital,Referred
EM0689,L45,Nirakarpur,E02,Road Traffic Accident / Trauma,H23,Hi-Tech Medical College & Hospital,2026-09-14 02:01,28.23,68.0,26.7,ICU,Trauma Surgery/Orthopedics,Yes,Deceased,Deceased
EM0690,L33,Janla,E04,Severe Respiratory Distress,H29,CDR Hospital,2026-04-25 01:59,7.44,15.9,36.2,ICU,Pulmonology,Yes,Stabilized & Admitted,Admitted
EM0691,L46,Kaipadar,E07,Severe Burns,H13,KIMS / Pradyumna Bal Memorial Hospital,2026-07-08 09:40,32.43,107.4,32.1,ICU,Plastic Surgery/Burns Unit,Yes,Stabilized & Admitted,Admitted
EM0692,L33,Janla,E02,Road Traffic Accident / Trauma,H23,Hi-Tech Medical College & Hospital,2026-06-17 22:25,6.1,17.2,16.7,ICU,Trauma Surgery/Orthopedics,Yes,Stabilized & Admitted,Admitted
EM0693,L39,Bolagarh,E04,Severe Respiratory Distress,H29,CDR Hospital,2026-08-05 04:17,43.52,139.3,45.3,ICU,Pulmonology,No,Stabilized & Admitted,Admitted
EM0694,L06,Old Town,E02,Road Traffic Accident / Trauma,H23,Hi-Tech Medical College & Hospital,2026-04-22 04:34,7.35,21.8,32.4,ICU,Trauma Surgery/Orthopedics,Yes,Deceased,Deceased
EM0695,L03,Nayapalli,E01,Cardiac Arrest / Heart Attack,H09,Government Hospital Nayapalli,2026-09-12 20:43,0.0,3.0,36.3,ICU,Cardiology,Yes,Stabilized & Admitted,Admitted
EM0696,L50,Bhimpur,E01,Cardiac Arrest / Heart Attack,H07,Municipal Hospital Old Town,2026-06-20 23:54,3.81,9.1,34.8,ICU,Cardiology,No,Stabilized & Admitted,Admitted
EM0697,L21,Tamando,E02,Road Traffic Accident / Trauma,H04,AIIMS Bhubaneswar,2026-06-20 03:29,7.95,22.6,24.8,ICU,Trauma Surgery/Orthopedics,No,Stabilized & Admitted,Admitted
EM0698,L35,Khordha,E01,Cardiac Arrest / Heart Attack,H21,Bijaya Multispeciality Hospital,2026-08-18 23:42,20.75,47.5,23.7,ICU,Cardiology,Yes,Stabilized & Admitted,Admitted
EM0699,L46,Kaipadar,E02,Road Traffic Accident / Trauma,H10,Apollo Hospitals,2026-08-29 04:44,33.37,73.3,27.0,ICU,Trauma Surgery/Orthopedics,No,Stabilized & Admitted,Admitted
EM0700,L27,Barimunda,E03,Stroke,H24,Kalinga Hospital,2026-05-28 16:33,2.93,11.2,12.3,ICU,Neurology,Yes,Stabilized & Admitted,Admitted
EM0701,L16,Acharya Vihar,E04,Severe Respiratory Distress,H09,Government Hospital Nayapalli,2026-04-12 11:08,1.73,6.8,34.7,ICU,Pulmonology,No,Stabilized & Admitted,Admitted
EM0702,L10,Kalinga Nagar,E04,Severe Respiratory Distress,H05,ESI Hospital Bhubaneswar,2026-09-04 03:49,0.0,4.1,32.7,ICU,Pulmonology,Yes,Stabilized & Admitted,Admitted
EM0703,L08,Bomikhal,E01,Cardiac Arrest / Heart Attack,H26,Vikash Hospital Bhubaneswar,2026-06-18 08:33,0.0,3.0,30.7,ICU,Cardiology,Yes,Referred to Another Hospital,Referred
EM0704,L05,Saheed Nagar,E02,Road Traffic Accident / Trauma,H01,Capital Hospital,2026-07-26 20:04,1.48,7.7,27.5,ICU,Trauma Surgery/Orthopedics,No,Stabilized & Admitted,Admitted
EM0705,L47,Arugul,E03,Stroke,H23,Hi-Tech Medical College & Hospital,2026-03-15 15:54,6.1,16.9,27.5,ICU,Neurology,Yes,Stabilized & Admitted,Admitted
EM0706,L08,Bomikhal,E02,Road Traffic Accident / Trauma,H10,Apollo Hospitals,2026-05-05 03:57,4.84,12.3,9.5,ICU,Trauma Surgery/Orthopedics,No,Referred to Another Hospital,Referred
EM0707,L46,Kaipadar,E02,Road Traffic Accident / Trauma,H01,Capital Hospital,2026-04-28 23:32,34.55,86.4,24.6,ICU,Trauma Surgery/Orthopedics,No,Stabilized & Admitted,Admitted
EM0708,L34,Jatani,E04,Severe Respiratory Distress,H19,Usthi Hospital,2026-03-04 07:02,12.71,46.3,35.0,ICU,Pulmonology,Yes,Referred to Another Hospital,Referred
EM0709,L34,Jatani,E04,Severe Respiratory Distress,H19,Usthi Hospital,2026-04-08 05:59,12.71,32.9,27.9,ICU,Pulmonology,Yes,Referred to Another Hospital,Referred
EM0710,L25,Kalarahanga,E08,Poisoning / Overdose,H08,Government Hospital Chandrasekharpur,2026-09-22 22:47,3.68,5.7,28.5,ICU,General Medicine/Toxicology,Yes,Treated & Discharged,OPD/Discharged
EM0711,L06,Old Town,E02,Road Traffic Accident / Trauma,H10,Apollo Hospitals,2026-05-03 13:58,7.03,15.9,22.6,ICU,Trauma Surgery/Orthopedics,Yes,Stabilized & Admitted,Admitted
EM0712,L08,Bomikhal,E02,Road Traffic Accident / Trauma,H01,Capital Hospital,2026-03-20 18:23,2.08,4.6,32.6,ICU,Trauma Surgery/Orthopedics,Yes,Stabilized & Admitted,Admitted
EM0713,L01,Patia,E07,Severe Burns,H04,AIIMS Bhubaneswar,2026-03-14 05:14,6.24,22.0,22.4,ICU,Plastic Surgery/Burns Unit,No,Stabilized & Admitted,Admitted
EM0714,L03,Nayapalli,E06,Pediatric Emergency,H18,Vivekanand Hospital Bhubaneswar,2026-06-11 02:56,0.0,4.9,31.6,ICU,Pediatrics,Yes,Treated & Discharged,OPD/Discharged
EM0715,L22,Aiginia,E06,Pediatric Emergency,H25,AMRI Hospitals,2026-05-19 10:05,2.38,6.0,22.6,ICU,Pediatrics,No,Treated & Discharged,OPD/Discharged
EM0716,L50,Bhimpur,E08,Poisoning / Overdose,H19,Usthi Hospital,2026-04-21 09:36,1.18,3.0,31.8,ICU,General Medicine/Toxicology,No,Referred to Another Hospital,Referred
EM0717,L06,Old Town,E04,Severe Respiratory Distress,H15,Aditya Ashwini Hospital,2026-05-02 14:23,0.29,3.8,35.3,ICU,Pulmonology,Yes,Stabilized & Admitted,Admitted
EM0718,L50,Bhimpur,E01,Cardiac Arrest / Heart Attack,H15,Aditya Ashwini Hospital,2026-09-14 06:46,3.83,10.6,22.3,ICU,Cardiology,No,Stabilized & Admitted,Admitted
EM0719,L42,Balugaon,E02,Road Traffic Accident / Trauma,H04,AIIMS Bhubaneswar,2026-05-02 04:00,74.05,157.6,32.5,ICU,Trauma Surgery/Orthopedics,No,Stabilized & Admitted,Admitted
EM0720,L21,Tamando,E06,Pediatric Emergency,H19,Usthi Hospital,2026-07-17 11:40,7.61,13.8,35.9,ICU,Pediatrics,Yes,Treated & Discharged,OPD/Discharged
EM0721,L50,Bhimpur,E06,Pediatric Emergency,H23,Hi-Tech Medical College & Hospital,2026-05-25 00:48,3.55,11.7,19.9,ICU,Pediatrics,No,Stabilized & Admitted,Admitted
EM0722,L43,Chilika,E04,Severe Respiratory Distress,H29,CDR Hospital,2026-09-03 09:06,83.55,197.6,37.8,ICU,Pulmonology,No,Stabilized & Admitted,Admitted
EM0723,L29,Mancheswar Industrial Area,E02,Road Traffic Accident / Trauma,H04,AIIMS Bhubaneswar,2026-06-16 15:03,8.0,28.3,43.4,ICU,Trauma Surgery/Orthopedics,Yes,Deceased,Deceased
EM0724,L21,Tamando,E01,Cardiac Arrest / Heart Attack,H21,Bijaya Multispeciality Hospital,2026-05-11 02:02,5.39,9.9,27.9,ICU,Cardiology,Yes,Stabilized & Admitted,Admitted
EM0725,L24,Raghunathpur,E01,Cardiac Arrest / Heart Attack,H03,Central Hospital East Coast Railway,2026-07-12 13:44,3.64,11.8,20.7,ICU,Cardiology,No,Deceased,Deceased
EM0726,L02,Chandrasekharpur,E06,Pediatric Emergency,H24,Kalinga Hospital,2026-09-08 02:37,0.0,3.0,31.6,ICU,Pediatrics,No,Stabilized & Admitted,Admitted
EM0727,L09,Rasulgarh,E07,Severe Burns,H01,Capital Hospital,2026-09-26 12:04,2.59,7.1,24.7,ICU,Plastic Surgery/Burns Unit,No,Stabilized & Admitted,Admitted
EM0728,L44,Jankia,E02,Road Traffic Accident / Trauma,H10,Apollo Hospitals,2026-08-17 04:15,28.71,67.1,20.7,ICU,Trauma Surgery/Orthopedics,No,Referred to Another Hospital,Referred
EM0729,L21,Tamando,E02,Road Traffic Accident / Trauma,H01,Capital Hospital,2026-09-22 12:44,10.13,32.2,28.3,ICU,Trauma Surgery/Orthopedics,Yes,Stabilized & Admitted,Admitted
EM0730,L37,Balipatna,E04,Severe Respiratory Distress,H17,Sunshine Hospital,2026-06-24 08:14,9.49,20.6,26.8,ICU,Pulmonology,Yes,Stabilized & Admitted,Admitted
EM0731,L19,Jagamara,E06,Pediatric Emergency,H25,AMRI Hospitals,2026-09-16 18:06,0.99,3.0,33.4,ICU,Pediatrics,Yes,Stabilized & Admitted,Admitted
EM0732,L20,Dumduma,E07,Severe Burns,H10,Apollo Hospitals,2026-06-28 10:26,7.9,23.0,16.1,ICU,Plastic Surgery/Burns Unit,Yes,Stabilized & Admitted,Admitted
EM0733,L18,Airport Area,E06,Pediatric Emergency,H07,Municipal Hospital Old Town,2026-09-14 06:28,2.2,7.3,31.7,ICU,Pediatrics,Yes,Treated & Discharged,OPD/Discharged
EM0734,L36,Balianta,E04,Severe Respiratory Distress,H27,Apex Hospital,2026-03-31 02:10,7.73,21.2,22.7,ICU,Pulmonology,Yes,Stabilized & Admitted,Admitted
EM0735,L06,Old Town,E06,Pediatric Emergency,H16,Utkal Hospital,2026-08-28 22:38,0.0,3.0,24.1,ICU,Pediatrics,Yes,Stabilized & Admitted,Admitted
EM0736,L43,Chilika,E05,Obstetric Emergency,H23,Hi-Tech Medical College & Hospital,2026-05-23 04:05,77.93,256.8,32.9,ICU,Obstetrics & Gynecology,Yes,Stabilized & Admitted,Admitted
EM0737,L41,Banapur,E03,Stroke,H21,Bijaya Multispeciality Hospital,2026-06-10 16:03,76.71,178.2,31.0,ICU,Neurology,No,Stabilized & Admitted,Admitted
EM0738,L33,Janla,E01,Cardiac Arrest / Heart Attack,H21,Bijaya Multispeciality Hospital,2026-04-14 00:25,7.44,16.9,24.2,ICU,Cardiology,Yes,Stabilized & Admitted,Admitted
EM0739,L33,Janla,E01,Cardiac Arrest / Heart Attack,H19,Usthi Hospital,2026-07-19 07:06,9.29,21.6,26.9,ICU,Cardiology,Yes,Stabilized & Admitted,Admitted
EM0740,L46,Kaipadar,E02,Road Traffic Accident / Trauma,H23,Hi-Tech Medical College & Hospital,2026-04-05 03:00,26.18,70.3,32.3,ICU,Trauma Surgery/Orthopedics,No,Stabilized & Admitted,Admitted
EM0741,L35,Khordha,E03,Stroke,H25,AMRI Hospitals,2026-04-26 04:12,18.56,62.9,22.6,ICU,Neurology,Yes,Stabilized & Admitted,Admitted
EM0742,L45,Nirakarpur,E04,Severe Respiratory Distress,H21,Bijaya Multispeciality Hospital,2026-08-09 20:05,34.9,75.7,27.0,ICU,Pulmonology,Yes,Stabilized & Admitted,Admitted
EM0743,L46,Kaipadar,E01,Cardiac Arrest / Heart Attack,H21,Bijaya Multispeciality Hospital,2026-09-25 02:01,29.38,70.4,27.1,ICU,Cardiology,Yes,Stabilized & Admitted,Admitted
EM0744,L19,Jagamara,E02,Road Traffic Accident / Trauma,H04,AIIMS Bhubaneswar,2026-08-13 14:51,5.61,10.6,16.8,ICU,Trauma Surgery/Orthopedics,No,Stabilized & Admitted,Admitted
EM0745,L38,Begunia,E08,Poisoning / Overdose,H21,Bijaya Multispeciality Hospital,2026-09-24 10:07,38.62,122.9,24.3,ICU,General Medicine/Toxicology,No,Treated & Discharged,OPD/Discharged
EM0746,L49,Balianta Rural,E02,Road Traffic Accident / Trauma,H10,Apollo Hospitals,2026-04-13 18:27,16.76,55.5,31.4,ICU,Trauma Surgery/Orthopedics,No,Stabilized & Admitted,Admitted
EM0747,L36,Balianta,E01,Cardiac Arrest / Heart Attack,H28,Padma Hospital,2026-03-08 12:43,9.31,20.8,34.4,ICU,Cardiology,Yes,Stabilized & Admitted,Admitted
EM0748,L04,Jaydev Vihar,E02,Road Traffic Accident / Trauma,H04,AIIMS Bhubaneswar,2026-04-17 08:17,3.15,8.7,22.4,ICU,Trauma Surgery/Orthopedics,Yes,Referred to Another Hospital,Referred
EM0749,L44,Jankia,E04,Severe Respiratory Distress,H13,KIMS / Pradyumna Bal Memorial Hospital,2026-08-05 19:39,26.49,67.1,26.9,ICU,Pulmonology,Yes,Referred to Another Hospital,Referred
EM0750,L03,Nayapalli,E02,Road Traffic Accident / Trauma,H10,Apollo Hospitals,2026-06-14 17:30,0.34,3.0,24.1,ICU,Trauma Surgery/Orthopedics,Yes,Stabilized & Admitted,Admitted
EM0751,L16,Acharya Vihar,E03,Stroke,H02,B.M.C Hospital,2026-04-05 13:12,1.25,4.0,26.3,ICU,Neurology,Yes,Deceased,Deceased
EM0752,L15,Sundarpada,E06,Pediatric Emergency,H19,Usthi Hospital,2026-05-03 20:51,3.19,11.0,43.3,ICU,Pediatrics,Yes,Stabilized & Admitted,Admitted
EM0753,L44,Jankia,E01,Cardiac Arrest / Heart Attack,H29,CDR Hospital,2026-06-06 22:22,24.81,58.8,43.2,ICU,Cardiology,Yes,Referred to Another Hospital,Referred
EM0754,L18,Airport Area,E08,Poisoning / Overdose,H07,Municipal Hospital Old Town,2026-05-28 18:32,2.2,9.0,37.9,ICU,General Medicine/Toxicology,Yes,Treated & Discharged,OPD/Discharged
EM0755,L33,Janla,E03,Stroke,H23,Hi-Tech Medical College & Hospital,2026-03-07 10:38,6.1,16.6,33.6,ICU,Neurology,Yes,Stabilized & Admitted,Admitted
EM0756,L05,Saheed Nagar,E02,Road Traffic Accident / Trauma,H12,SUM Ultimate Medicare Hospital,2026-09-16 08:03,6.28,22.5,21.1,ICU,Trauma Surgery/Orthopedics,Yes,Stabilized & Admitted,Admitted
EM0757,L21,Tamando,E06,Pediatric Emergency,H23,Hi-Tech Medical College & Hospital,2026-05-31 18:14,5.25,12.7,29.2,ICU,Pediatrics,Yes,Stabilized & Admitted,Admitted
EM0758,L22,Aiginia,E05,Obstetric Emergency,H25,AMRI Hospitals,2026-08-16 07:17,2.38,3.5,13.7,ICU,Obstetrics & Gynecology,Yes,Stabilized & Admitted,Admitted
EM0759,L27,Barimunda,E06,Pediatric Emergency,H24,Kalinga Hospital,2026-09-05 01:48,2.93,10.7,13.1,ICU,Pediatrics,Yes,Stabilized & Admitted,Admitted
EM0760,L50,Bhimpur,E04,Severe Respiratory Distress,H16,Utkal Hospital,2026-09-21 12:22,3.81,7.2,30.0,ICU,Pulmonology,Yes,Referred to Another Hospital,Referred
EM0761,L23,Chandaka,E01,Cardiac Arrest / Heart Attack,H13,KIMS / Pradyumna Bal Memorial Hospital,2026-04-14 05:15,0.0,4.9,19.8,ICU,Cardiology,Yes,Stabilized & Admitted,Admitted
EM0762,L35,Khordha,E04,Severe Respiratory Distress,H23,Hi-Tech Medical College & Hospital,2026-08-26 11:58,16.36,42.7,25.8,ICU,Pulmonology,No,Stabilized & Admitted,Admitted
EM0763,L24,Raghunathpur,E08,Poisoning / Overdose,H03,Central Hospital East Coast Railway,2026-05-30 18:36,3.64,11.6,28.9,ICU,General Medicine/Toxicology,Yes,Stabilized & Admitted,Admitted
EM0764,L40,Tangi,E02,Road Traffic Accident / Trauma,H13,KIMS / Pradyumna Bal Memorial Hospital,2026-09-24 15:34,28.62,91.8,22.0,ICU,Trauma Surgery/Orthopedics,Yes,Stabilized & Admitted,Admitted
EM0765,L07,Khandagiri,E08,Poisoning / Overdose,H25,AMRI Hospitals,2026-03-24 01:14,0.0,3.0,18.2,ICU,General Medicine/Toxicology,No,Stabilized & Admitted,Admitted
EM0766,L20,Dumduma,E04,Severe Respiratory Distress,H29,CDR Hospital,2026-07-01 00:21,4.62,9.1,30.4,ICU,Pulmonology,Yes,Deceased,Deceased
EM0767,L22,Aiginia,E06,Pediatric Emergency,H21,Bijaya Multispeciality Hospital,2026-04-03 10:45,5.15,10.1,16.9,ICU,Pediatrics,Yes,Stabilized & Admitted,Admitted
EM0768,L47,Arugul,E02,Road Traffic Accident / Trauma,H23,Hi-Tech Medical College & Hospital,2026-05-22 01:01,6.1,21.8,27.6,ICU,Trauma Surgery/Orthopedics,Yes,Stabilized & Admitted,Admitted
EM0769,L42,Balugaon,E02,Road Traffic Accident / Trauma,H10,Apollo Hospitals,2026-04-06 03:54,76.27,234.4,13.6,ICU,Trauma Surgery/Orthopedics,No,Stabilized & Admitted,Admitted
EM0770,L30,Lingaraj Nagar,E01,Cardiac Arrest / Heart Attack,H16,Utkal Hospital,2026-03-19 11:45,1.67,4.7,25.3,ICU,Cardiology,No,Stabilized & Admitted,Admitted
EM0771,L05,Saheed Nagar,E03,Stroke,H06,Railway Hospital Bhubaneswar,2026-03-26 10:19,1.22,3.3,32.0,ICU,Neurology,No,Stabilized & Admitted,Admitted
EM0772,L44,Jankia,E07,Severe Burns,H23,Hi-Tech Medical College & Hospital,2026-09-04 13:50,23.2,68.5,24.6,ICU,Plastic Surgery/Burns Unit,Yes,Stabilized & Admitted,Admitted
EM0773,L41,Banapur,E04,Severe Respiratory Distress,H19,Usthi Hospital,2026-05-21 05:45,75.34,177.5,28.9,ICU,Pulmonology,Yes,Referred to Another Hospital,Referred
EM0774,L09,Rasulgarh,E01,Cardiac Arrest / Heart Attack,H27,Apex Hospital,2026-08-05 11:14,0.0,3.0,32.6,ICU,Cardiology,Yes,Stabilized & Admitted,Admitted
EM0775,L48,Angulapada,E06,Pediatric Emergency,H29,CDR Hospital,2026-06-05 09:46,13.46,34.8,34.4,ICU,Pediatrics,Yes,Treated & Discharged,OPD/Discharged
EM0776,L32,Sisupalgarh,E06,Pediatric Emergency,H07,Municipal Hospital Old Town,2026-09-03 00:44,3.18,6.2,36.1,ICU,Pediatrics,Yes,Stabilized & Admitted,Admitted
EM0777,L49,Balianta Rural,E02,Road Traffic Accident / Trauma,H10,Apollo Hospitals,2026-09-14 18:02,16.76,35.0,21.1,ICU,Trauma Surgery/Orthopedics,Yes,Stabilized & Admitted,Admitted
EM0778,L37,Balipatna,E07,Severe Burns,H12,SUM Ultimate Medicare Hospital,2026-09-24 19:14,16.13,48.2,16.8,ICU,Plastic Surgery/Burns Unit,Yes,Referred to Another Hospital,Referred
EM0779,L39,Bolagarh,E06,Pediatric Emergency,H23,Hi-Tech Medical College & Hospital,2026-07-06 04:21,41.8,96.4,24.8,ICU,Pediatrics,Yes,Stabilized & Admitted,Admitted
EM0780,L46,Kaipadar,E05,Obstetric Emergency,H13,KIMS / Pradyumna Bal Memorial Hospital,2026-05-21 05:40,32.43,71.9,25.5,ICU,Obstetrics & Gynecology,Yes,Referred to Another Hospital,Referred
EM0781,L02,Chandrasekharpur,E06,Pediatric Emergency,H24,Kalinga Hospital,2026-08-29 21:40,0.0,3.0,22.2,ICU,Pediatrics,Yes,Treated & Discharged,OPD/Discharged
EM0782,L32,Sisupalgarh,E08,Poisoning / Overdose,H07,Municipal Hospital Old Town,2026-03-03 08:13,3.18,7.5,33.8,ICU,General Medicine/Toxicology,No,Stabilized & Admitted,Admitted
EM0783,L04,Jaydev Vihar,E06,Pediatric Emergency,H02,B.M.C Hospital,2026-05-05 03:46,0.3,3.0,30.8,ICU,Pediatrics,No,Treated & Discharged,OPD/Discharged
EM0784,L38,Begunia,E06,Pediatric Emergency,H25,AMRI Hospitals,2026-09-04 13:10,36.94,123.7,27.3,ICU,Pediatrics,Yes,Stabilized & Admitted,Admitted
EM0785,L33,Janla,E08,Poisoning / Overdose,H29,CDR Hospital,2026-06-05 11:34,7.44,17.1,30.1,ICU,General Medicine/Toxicology,Yes,Stabilized & Admitted,Admitted
EM0786,L33,Janla,E01,Cardiac Arrest / Heart Attack,H25,AMRI Hospitals,2026-09-18 18:41,5.34,18.0,21.8,ICU,Cardiology,Yes,Stabilized & Admitted,Admitted
EM0787,L06,Old Town,E05,Obstetric Emergency,H06,Railway Hospital Bhubaneswar,2026-06-24 02:51,4.05,8.5,28.0,ICU,Obstetrics & Gynecology,No,Referred to Another Hospital,Referred
EM0788,L27,Barimunda,E04,Severe Respiratory Distress,H35,Ankura Hospital for Women & Children,2026-05-21 08:06,3.23,6.9,19.4,ICU,Pulmonology,Yes,Stabilized & Admitted,Admitted
EM0789,L05,Saheed Nagar,E02,Road Traffic Accident / Trauma,H12,SUM Ultimate Medicare Hospital,2026-06-05 05:46,6.28,19.1,17.3,ICU,Trauma Surgery/Orthopedics,Yes,Stabilized & Admitted,Admitted
EM0790,L24,Raghunathpur,E08,Poisoning / Overdose,H24,Kalinga Hospital,2026-03-24 10:38,3.64,16.1,24.0,ICU,General Medicine/Toxicology,Yes,Referred to Another Hospital,Referred
EM0791,L41,Banapur,E07,Severe Burns,H10,Apollo Hospitals,2026-08-28 00:27,80.67,166.5,23.2,ICU,Plastic Surgery/Burns Unit,Yes,Deceased,Deceased
EM0792,L17,Aerodrome Area,E03,Stroke,H07,Municipal Hospital Old Town,2026-06-20 05:03,2.31,3.9,30.1,ICU,Neurology,Yes,Deceased,Deceased
EM0793,L44,Jankia,E02,Road Traffic Accident / Trauma,H12,SUM Ultimate Medicare Hospital,2026-04-18 13:44,29.78,92.4,19.8,ICU,Trauma Surgery/Orthopedics,No,Referred to Another Hospital,Referred
EM0794,L41,Banapur,E01,Cardiac Arrest / Heart Attack,H29,CDR Hospital,2026-07-17 08:42,76.71,191.2,33.3,ICU,Cardiology,Yes,Stabilized & Admitted,Admitted
EM0795,L46,Kaipadar,E01,Cardiac Arrest / Heart Attack,H21,Bijaya Multispeciality Hospital,2026-03-13 12:36,29.38,82.1,32.1,ICU,Cardiology,No,Stabilized & Admitted,Admitted
EM0796,L22,Aiginia,E02,Road Traffic Accident / Trauma,H04,AIIMS Bhubaneswar,2026-03-14 11:00,7.79,20.4,28.3,ICU,Trauma Surgery/Orthopedics,Yes,Stabilized & Admitted,Admitted
EM0797,L32,Sisupalgarh,E04,Severe Respiratory Distress,H07,Municipal Hospital Old Town,2026-08-17 20:38,3.18,8.3,34.1,ICU,Pulmonology,No,Stabilized & Admitted,Admitted
EM0798,L01,Patia,E02,Road Traffic Accident / Trauma,H12,SUM Ultimate Medicare Hospital,2026-04-22 05:40,2.35,4.6,20.3,ICU,Trauma Surgery/Orthopedics,Yes,Referred to Another Hospital,Referred
EM0799,L24,Raghunathpur,E01,Cardiac Arrest / Heart Attack,H35,Ankura Hospital for Women & Children,2026-03-30 09:50,2.86,6.6,21.3,ICU,Cardiology,No,Referred to Another Hospital,Referred
EM0800,L19,Jagamara,E04,Severe Respiratory Distress,H21,Bijaya Multispeciality Hospital,2026-08-17 08:05,3.07,9.5,33.8,ICU,Pulmonology,No,Stabilized & Admitted,Admitted
EM0801,L10,Kalinga Nagar,E01,Cardiac Arrest / Heart Attack,H22,Health Village Hospital,2026-06-03 12:23,0.0,3.0,33.1,ICU,Cardiology,Yes,Stabilized & Admitted,Admitted
EM0802,L21,Tamando,E01,Cardiac Arrest / Heart Attack,H23,Hi-Tech Medical College & Hospital,2026-06-21 14:16,5.25,13.9,28.5,ICU,Cardiology,No,Stabilized & Admitted,Admitted
EM0803,L16,Acharya Vihar,E04,Severe Respiratory Distress,H02,B.M.C Hospital,2026-03-16 04:48,1.25,3.5,32.5,ICU,Pulmonology,Yes,Deceased,Deceased
EM0804,L09,Rasulgarh,E07,Severe Burns,H10,Apollo Hospitals,2026-08-19 11:51,4.28,8.4,15.4,ICU,Plastic Surgery/Burns Unit,No,Stabilized & Admitted,Admitted
EM0805,L34,Jatani,E05,Obstetric Emergency,H23,Hi-Tech Medical College & Hospital,2026-07-29 07:35,8.68,26.1,26.3,ICU,Obstetrics & Gynecology,No,Treated & Discharged,OPD/Discharged
EM0806,L12,Unit VI,E08,Poisoning / Overdose,H20,IGKC Multispecialty Hospital,2026-07-12 13:34,0.76,3.1,32.3,ICU,General Medicine/Toxicology,Yes,Stabilized & Admitted,Admitted
EM0807,L42,Balugaon,E01,Cardiac Arrest / Heart Attack,H23,Hi-Tech Medical College & Hospital,2026-07-25 07:30,70.06,164.7,29.2,ICU,Cardiology,Yes,Stabilized & Admitted,Admitted
EM0808,L31,Dhauli,E01,Cardiac Arrest / Heart Attack,H15,Aditya Ashwini Hospital,2026-08-30 01:32,5.42,15.8,33.8,ICU,Cardiology,Yes,Stabilized & Admitted,Admitted
EM0809,L34,Jatani,E03,Stroke,H19,Usthi Hospital,2026-07-25 21:39,12.71,32.3,43.8,ICU,Neurology,Yes,Stabilized & Admitted,Admitted
EM0810,L13,Vani Vihar,E02,Road Traffic Accident / Trauma,H10,Apollo Hospitals,2026-06-23 05:10,1.49,9.2,17.0,ICU,Trauma Surgery/Orthopedics,Yes,Stabilized & Admitted,Admitted
EM0811,L22,Aiginia,E05,Obstetric Emergency,H06,Railway Hospital Bhubaneswar,2026-04-02 01:27,7.82,19.5,31.7,ICU,Obstetrics & Gynecology,No,Stabilized & Admitted,Admitted
EM0812,L30,Lingaraj Nagar,E04,Severe Respiratory Distress,H07,Municipal Hospital Old Town,2026-04-21 20:09,1.67,8.1,30.7,ICU,Pulmonology,No,Stabilized & Admitted,Admitted
EM0813,L22,Aiginia,E02,Road Traffic Accident / Trauma,H23,Hi-Tech Medical College & Hospital,2026-09-03 02:05,3.22,6.7,31.7,ICU,Trauma Surgery/Orthopedics,Yes,Stabilized & Admitted,Admitted
EM0814,L30,Lingaraj Nagar,E02,Road Traffic Accident / Trauma,H01,Capital Hospital,2026-05-23 08:33,2.72,8.0,31.6,ICU,Trauma Surgery/Orthopedics,Yes,Stabilized & Admitted,Admitted
EM0815,L30,Lingaraj Nagar,E05,Obstetric Emergency,H06,Railway Hospital Bhubaneswar,2026-09-18 22:39,2.87,11.4,27.8,ICU,Obstetrics & Gynecology,No,Stabilized & Admitted,Admitted
EM0816,L03,Nayapalli,E05,Obstetric Emergency,H02,B.M.C Hospital,2026-03-29 13:09,0.58,4.9,39.8,ICU,Obstetrics & Gynecology,Yes,Referred to Another Hospital,Referred
EM0817,L17,Aerodrome Area,E02,Road Traffic Accident / Trauma,H12,SUM Ultimate Medicare Hospital,2026-09-11 03:59,9.23,30.1,12.6,ICU,Trauma Surgery/Orthopedics,No,Referred to Another Hospital,Referred
EM0818,L43,Chilika,E02,Road Traffic Accident / Trauma,H01,Capital Hospital,2026-09-18 09:55,87.64,276.4,31.7,ICU,Trauma Surgery/Orthopedics,Yes,Stabilized & Admitted,Admitted
EM0819,L29,Mancheswar Industrial Area,E04,Severe Respiratory Distress,H17,Sunshine Hospital,2026-06-14 08:24,3.91,10.0,29.1,ICU,Pulmonology,Yes,Stabilized & Admitted,Admitted
EM0820,L15,Sundarpada,E01,Cardiac Arrest / Heart Attack,H16,Utkal Hospital,2026-06-30 01:11,4.15,11.6,34.6,ICU,Cardiology,No,Stabilized & Admitted,Admitted
EM0821,L45,Nirakarpur,E02,Road Traffic Accident / Trauma,H01,Capital Hospital,2026-08-03 21:44,38.11,106.3,17.6,ICU,Trauma Surgery/Orthopedics,No,Deceased,Deceased
EM0822,L31,Dhauli,E01,Cardiac Arrest / Heart Attack,H37,Aditya Care Hospital,2026-05-24 22:15,5.42,15.0,35.6,ICU,Cardiology,Yes,Stabilized & Admitted,Admitted
EM0823,L14,Pokhariput,E03,Stroke,H18,Vivekanand Hospital Bhubaneswar,2026-05-08 11:01,4.87,17.0,24.1,ICU,Neurology,Yes,Deceased,Deceased
EM0824,L41,Banapur,E02,Road Traffic Accident / Trauma,H04,AIIMS Bhubaneswar,2026-05-19 08:53,79.08,218.7,28.0,ICU,Trauma Surgery/Orthopedics,Yes,Stabilized & Admitted,Admitted
EM0825,L03,Nayapalli,E02,Road Traffic Accident / Trauma,H01,Capital Hospital,2026-03-26 07:08,3.64,12.0,18.9,ICU,Trauma Surgery/Orthopedics,No,Stabilized & Admitted,Admitted
EM0826,L08,Bomikhal,E03,Stroke,H20,IGKC Multispecialty Hospital,2026-09-15 10:17,1.96,8.6,27.8,ICU,Neurology,No,Stabilized & Admitted,Admitted
EM0827,L26,Andharua,E01,Cardiac Arrest / Heart Attack,H13,KIMS / Pradyumna Bal Memorial Hospital,2026-03-23 06:28,1.34,5.2,33.9,ICU,Cardiology,No,Stabilized & Admitted,Admitted
EM0828,L20,Dumduma,E01,Cardiac Arrest / Heart Attack,H29,CDR Hospital,2026-09-06 15:48,4.62,17.3,38.0,ICU,Cardiology,Yes,Stabilized & Admitted,Admitted
EM0829,L25,Kalarahanga,E08,Poisoning / Overdose,H14,CARE Hospitals Bhubaneswar,2026-03-15 16:50,3.68,9.7,21.8,ICU,General Medicine/Toxicology,No,Referred to Another Hospital,Referred
EM0830,L13,Vani Vihar,E04,Severe Respiratory Distress,H09,Government Hospital Nayapalli,2026-07-08 12:08,1.37,4.3,34.6,ICU,Pulmonology,Yes,Stabilized & Admitted,Admitted
EM0831,L26,Andharua,E06,Pediatric Emergency,H13,KIMS / Pradyumna Bal Memorial Hospital,2026-07-24 00:11,1.34,4.6,21.9,ICU,Pediatrics,Yes,Referred to Another Hospital,Referred
EM0832,L13,Vani Vihar,E03,Stroke,H10,Apollo Hospitals,2026-03-15 07:02,1.49,8.2,22.9,ICU,Neurology,No,Stabilized & Admitted,Admitted
EM0833,L22,Aiginia,E02,Road Traffic Accident / Trauma,H04,AIIMS Bhubaneswar,2026-08-28 06:17,7.79,24.3,19.4,ICU,Trauma Surgery/Orthopedics,Yes,Stabilized & Admitted,Admitted
EM0834,L25,Kalarahanga,E03,Stroke,H14,CARE Hospitals Bhubaneswar,2026-06-10 20:59,3.68,11.1,16.0,ICU,Neurology,Yes,Stabilized & Admitted,Admitted
EM0835,L20,Dumduma,E05,Obstetric Emergency,H25,AMRI Hospitals,2026-06-04 15:38,1.83,3.8,19.1,ICU,Obstetrics & Gynecology,Yes,Stabilized & Admitted,Admitted
EM0836,L48,Angulapada,E02,Road Traffic Accident / Trauma,H23,Hi-Tech Medical College & Hospital,2026-06-30 18:35,8.42,26.4,21.5,ICU,Trauma Surgery/Orthopedics,Yes,Referred to Another Hospital,Referred
EM0837,L07,Khandagiri,E01,Cardiac Arrest / Heart Attack,H25,AMRI Hospitals,2026-05-06 23:53,0.0,3.0,26.2,ICU,Cardiology,No,Referred to Another Hospital,Referred
EM0838,L15,Sundarpada,E04,Severe Respiratory Distress,H16,Utkal Hospital,2026-06-07 01:10,4.15,9.5,28.2,ICU,Pulmonology,Yes,Stabilized & Admitted,Admitted
EM0839,L38,Begunia,E01,Cardiac Arrest / Heart Attack,H19,Usthi Hospital,2026-04-24 07:41,39.9,88.2,34.8,ICU,Cardiology,No,Stabilized & Admitted,Admitted
EM0840,L30,Lingaraj Nagar,E01,Cardiac Arrest / Heart Attack,H37,Aditya Care Hospital,2026-08-14 13:32,1.39,3.5,27.1,ICU,Cardiology,No,Stabilized & Admitted,Admitted
EM0841,L25,Kalarahanga,E08,Poisoning / Overdose,H14,CARE Hospitals Bhubaneswar,2026-09-13 21:00,3.68,15.6,21.3,ICU,General Medicine/Toxicology,No,Stabilized & Admitted,Admitted
EM0842,L07,Khandagiri,E02,Road Traffic Accident / Trauma,H10,Apollo Hospitals,2026-04-14 19:51,6.34,15.0,19.3,ICU,Trauma Surgery/Orthopedics,Yes,Stabilized & Admitted,Admitted
EM0843,L25,Kalarahanga,E06,Pediatric Emergency,H08,Government Hospital Chandrasekharpur,2026-09-23 09:45,3.68,12.0,29.7,ICU,Pediatrics,No,Stabilized & Admitted,Admitted
EM0844,L24,Raghunathpur,E02,Road Traffic Accident / Trauma,H10,Apollo Hospitals,2026-06-17 12:54,9.09,20.9,29.4,ICU,Trauma Surgery/Orthopedics,Yes,Stabilized & Admitted,Admitted
EM0845,L35,Khordha,E02,Road Traffic Accident / Trauma,H23,Hi-Tech Medical College & Hospital,2026-06-28 09:43,16.36,44.0,28.1,ICU,Trauma Surgery/Orthopedics,No,Stabilized & Admitted,Admitted
EM0846,L45,Nirakarpur,E08,Poisoning / Overdose,H23,Hi-Tech Medical College & Hospital,2026-07-28 03:00,28.23,72.2,27.2,ICU,General Medicine/Toxicology,No,Treated & Discharged,OPD/Discharged
EM0847,L27,Barimunda,E01,Cardiac Arrest / Heart Attack,H03,Central Hospital East Coast Railway,2026-06-04 17:41,2.93,9.9,40.0,ICU,Cardiology,Yes,Stabilized & Admitted,Admitted
EM0848,L40,Tangi,E06,Pediatric Emergency,H21,Bijaya Multispeciality Hospital,2026-08-23 03:30,25.08,59.9,36.0,ICU,Pediatrics,Yes,Referred to Another Hospital,Referred
EM0849,L02,Chandrasekharpur,E05,Obstetric Emergency,H14,CARE Hospitals Bhubaneswar,2026-08-11 10:55,0.0,4.9,29.8,ICU,Obstetrics & Gynecology,No,Stabilized & Admitted,Admitted
EM0850,L25,Kalarahanga,E08,Poisoning / Overdose,H24,Kalinga Hospital,2026-08-14 09:12,3.68,12.9,18.9,ICU,General Medicine/Toxicology,No,Stabilized & Admitted,Admitted
EM0851,L20,Dumduma,E03,Stroke,H25,AMRI Hospitals,2026-03-15 19:25,1.83,8.9,15.7,ICU,Neurology,No,Stabilized & Admitted,Admitted
EM0852,L12,Unit VI,E04,Severe Respiratory Distress,H06,Railway Hospital Bhubaneswar,2026-09-01 00:41,0.69,4.4,29.1,ICU,Pulmonology,Yes,Stabilized & Admitted,Admitted
EM0853,L35,Khordha,E03,Stroke,H21,Bijaya Multispeciality Hospital,2026-06-16 12:24,20.75,52.0,29.5,ICU,Neurology,Yes,Referred to Another Hospital,Referred
EM0854,L33,Janla,E02,Road Traffic Accident / Trauma,H23,Hi-Tech Medical College & Hospital,2026-07-25 06:21,6.1,15.7,30.9,ICU,Trauma Surgery/Orthopedics,Yes,Deceased,Deceased
EM0855,L02,Chandrasekharpur,E01,Cardiac Arrest / Heart Attack,H35,Ankura Hospital for Women & Children,2026-07-15 20:50,0.78,3.0,17.7,ICU,Cardiology,Yes,Referred to Another Hospital,Referred
EM0856,L35,Khordha,E03,Stroke,H29,CDR Hospital,2026-05-31 16:19,20.75,57.1,34.8,ICU,Neurology,No,Referred to Another Hospital,Referred
EM0857,L26,Andharua,E01,Cardiac Arrest / Heart Attack,H08,Government Hospital Chandrasekharpur,2026-07-21 05:18,6.97,18.7,33.0,ICU,Cardiology,Yes,Stabilized & Admitted,Admitted
EM0858,L47,Arugul,E01,Cardiac Arrest / Heart Attack,H07,Municipal Hospital Old Town,2026-05-06 23:51,13.2,40.2,30.6,ICU,Cardiology,Yes,Stabilized & Admitted,Admitted
EM0859,L18,Airport Area,E02,Road Traffic Accident / Trauma,H10,Apollo Hospitals,2026-08-22 10:41,5.34,17.4,20.8,ICU,Trauma Surgery/Orthopedics,Yes,Deceased,Deceased
EM0860,L37,Balipatna,E02,Road Traffic Accident / Trauma,H01,Capital Hospital,2026-09-07 09:26,10.12,32.3,27.4,ICU,Trauma Surgery/Orthopedics,No,Stabilized & Admitted,Admitted
EM0861,L33,Janla,E02,Road Traffic Accident / Trauma,H04,AIIMS Bhubaneswar,2026-05-06 18:18,9.89,21.9,23.4,ICU,Trauma Surgery/Orthopedics,No,Deceased,Deceased
EM0862,L40,Tangi,E02,Road Traffic Accident / Trauma,H01,Capital Hospital,2026-03-14 20:37,30.23,75.8,26.1,ICU,Trauma Surgery/Orthopedics,Yes,Stabilized & Admitted,Admitted
EM0863,L46,Kaipadar,E04,Severe Respiratory Distress,H19,Usthi Hospital,2026-06-29 06:32,30.45,75.5,30.3,ICU,Pulmonology,Yes,Stabilized & Admitted,Admitted
EM0864,L41,Banapur,E07,Severe Burns,H10,Apollo Hospitals,2026-07-14 09:26,80.67,251.8,27.1,ICU,Plastic Surgery/Burns Unit,Yes,Referred to Another Hospital,Referred
EM0865,L05,Saheed Nagar,E06,Pediatric Emergency,H17,Sunshine Hospital,2026-04-05 06:21,1.7,9.4,32.7,ICU,Pediatrics,Yes,Stabilized & Admitted,Admitted
EM0866,L39,Bolagarh,E02,Road Traffic Accident / Trauma,H13,KIMS / Pradyumna Bal Memorial Hospital,2026-06-26 04:20,43.47,115.8,20.9,ICU,Trauma Surgery/Orthopedics,Yes,Referred to Another Hospital,Referred
EM0867,L01,Patia,E02,Road Traffic Accident / Trauma,H12,SUM Ultimate Medicare Hospital,2026-03-21 15:21,2.35,4.2,26.6,ICU,Trauma Surgery/Orthopedics,Yes,Stabilized & Admitted,Admitted
EM0868,L15,Sundarpada,E08,Poisoning / Overdose,H15,Aditya Ashwini Hospital,2026-08-10 01:00,4.0,8.6,32.6,ICU,General Medicine/Toxicology,Yes,Referred to Another Hospital,Referred
EM0869,L25,Kalarahanga,E06,Pediatric Emergency,H24,Kalinga Hospital,2026-09-15 05:36,3.68,8.9,26.9,ICU,Pediatrics,No,Treated & Discharged,OPD/Discharged
EM0870,L14,Pokhariput,E08,Poisoning / Overdose,H25,AMRI Hospitals,2026-09-12 02:08,1.4,4.5,21.2,ICU,General Medicine/Toxicology,Yes,Stabilized & Admitted,Admitted
EM0871,L32,Sisupalgarh,E02,Road Traffic Accident / Trauma,H10,Apollo Hospitals,2026-06-12 13:30,9.73,25.4,22.7,ICU,Trauma Surgery/Orthopedics,No,Referred to Another Hospital,Referred
EM0872,L40,Tangi,E03,Stroke,H25,AMRI Hospitals,2026-04-21 23:23,23.27,60.0,19.7,ICU,Neurology,Yes,Stabilized & Admitted,Admitted
EM0873,L30,Lingaraj Nagar,E02,Road Traffic Accident / Trauma,H01,Capital Hospital,2026-09-10 16:12,2.72,9.8,20.1,ICU,Trauma Surgery/Orthopedics,No,Referred to Another Hospital,Referred
EM0874,L02,Chandrasekharpur,E02,Road Traffic Accident / Trauma,H10,Apollo Hospitals,2026-09-04 07:14,5.58,16.4,14.5,ICU,Trauma Surgery/Orthopedics,Yes,Stabilized & Admitted,Admitted
EM0875,L42,Balugaon,E02,Road Traffic Accident / Trauma,H10,Apollo Hospitals,2026-04-03 03:24,76.27,174.3,16.2,ICU,Trauma Surgery/Orthopedics,No,Referred to Another Hospital,Referred
EM0876,L18,Airport Area,E01,Cardiac Arrest / Heart Attack,H15,Aditya Ashwini Hospital,2026-03-17 01:19,1.95,5.0,30.3,ICU,Cardiology,Yes,Stabilized & Admitted,Admitted
EM0877,L09,Rasulgarh,E06,Pediatric Emergency,H27,Apex Hospital,2026-07-12 19:33,0.0,3.0,26.2,ICU,Pediatrics,Yes,Stabilized & Admitted,Admitted
EM0878,L40,Tangi,E04,Severe Respiratory Distress,H23,Hi-Tech Medical College & Hospital,2026-04-04 10:57,21.94,63.9,29.2,ICU,Pulmonology,Yes,Stabilized & Admitted,Admitted
EM0879,L36,Balianta,E08,Poisoning / Overdose,H28,Padma Hospital,2026-04-12 12:01,9.31,26.6,38.9,ICU,General Medicine/Toxicology,Yes,Stabilized & Admitted,Admitted
EM0880,L01,Patia,E05,Obstetric Emergency,H35,Ankura Hospital for Women & Children,2026-04-03 06:46,0.0,3.1,26.2,ICU,Obstetrics & Gynecology,No,Stabilized & Admitted,Admitted
EM0881,L14,Pokhariput,E06,Pediatric Emergency,H21,Bijaya Multispeciality Hospital,2026-04-01 11:45,2.09,8.4,20.6,ICU,Pediatrics,Yes,Stabilized & Admitted,Admitted
EM0882,L15,Sundarpada,E03,Stroke,H25,AMRI Hospitals,2026-08-11 08:49,2.79,4.7,15.5,ICU,Neurology,Yes,Stabilized & Admitted,Admitted
EM0883,L46,Kaipadar,E04,Severe Respiratory Distress,H23,Hi-Tech Medical College & Hospital,2026-03-13 21:06,26.18,62.7,25.3,ICU,Pulmonology,No,Referred to Another Hospital,Referred
EM0884,L32,Sisupalgarh,E01,Cardiac Arrest / Heart Attack,H16,Utkal Hospital,2026-08-24 03:26,3.18,5.5,38.3,ICU,Cardiology,No,Stabilized & Admitted,Admitted
EM0885,L35,Khordha,E05,Obstetric Emergency,H23,Hi-Tech Medical College & Hospital,2026-05-04 15:44,16.36,40.9,15.5,ICU,Obstetrics & Gynecology,No,Treated & Discharged,OPD/Discharged
EM0886,L05,Saheed Nagar,E04,Severe Respiratory Distress,H28,Padma Hospital,2026-08-09 00:19,0.0,3.0,31.9,ICU,Pulmonology,No,Stabilized & Admitted,Admitted
EM0887,L16,Acharya Vihar,E02,Road Traffic Accident / Trauma,H01,Capital Hospital,2026-07-12 08:39,3.79,8.6,27.4,ICU,Trauma Surgery/Orthopedics,Yes,Stabilized & Admitted,Admitted
EM0888,L08,Bomikhal,E01,Cardiac Arrest / Heart Attack,H26,Vikash Hospital Bhubaneswar,2026-03-27 16:46,0.0,3.0,28.6,ICU,Cardiology,Yes,Stabilized & Admitted,Admitted
EM0889,L03,Nayapalli,E01,Cardiac Arrest / Heart Attack,H09,Government Hospital Nayapalli,2026-09-17 03:31,0.0,3.0,32.5,ICU,Cardiology,No,Stabilized & Admitted,Admitted
EM0890,L15,Sundarpada,E01,Cardiac Arrest / Heart Attack,H37,Aditya Care Hospital,2026-05-07 16:12,4.0,11.2,34.1,ICU,Cardiology,No,Stabilized & Admitted,Admitted
EM0891,L29,Mancheswar Industrial Area,E01,Cardiac Arrest / Heart Attack,H28,Padma Hospital,2026-04-11 01:35,5.07,14.5,30.9,ICU,Cardiology,Yes,Stabilized & Admitted,Admitted
EM0892,L05,Saheed Nagar,E04,Severe Respiratory Distress,H27,Apex Hospital,2026-07-02 10:15,1.7,3.7,28.8,ICU,Pulmonology,No,Referred to Another Hospital,Referred
EM0893,L33,Janla,E08,Poisoning / Overdose,H21,Bijaya Multispeciality Hospital,2026-03-29 18:42,7.44,27.5,25.5,ICU,General Medicine/Toxicology,No,Stabilized & Admitted,Admitted
EM0894,L36,Balianta,E02,Road Traffic Accident / Trauma,H12,SUM Ultimate Medicare Hospital,2026-09-16 16:04,13.54,38.6,20.3,ICU,Trauma Surgery/Orthopedics,Yes,Stabilized & Admitted,Admitted
EM0895,L07,Khandagiri,E01,Cardiac Arrest / Heart Attack,H29,CDR Hospital,2026-05-05 20:14,2.8,5.0,33.1,ICU,Cardiology,No,Stabilized & Admitted,Admitted
EM0896,L34,Jatani,E05,Obstetric Emergency,H21,Bijaya Multispeciality Hospital,2026-05-07 14:03,15.98,45.7,29.7,ICU,Obstetrics & Gynecology,No,Stabilized & Admitted,Admitted
EM0897,L03,Nayapalli,E02,Road Traffic Accident / Trauma,H01,Capital Hospital,2026-03-11 09:23,3.64,10.6,25.4,ICU,Trauma Surgery/Orthopedics,No,Referred to Another Hospital,Referred
EM0898,L15,Sundarpada,E05,Obstetric Emergency,H25,AMRI Hospitals,2026-09-06 03:06,2.79,6.2,12.4,ICU,Obstetrics & Gynecology,No,Stabilized & Admitted,Admitted
EM0899,L20,Dumduma,E02,Road Traffic Accident / Trauma,H10,Apollo Hospitals,2026-03-03 04:42,7.9,21.0,13.2,ICU,Trauma Surgery/Orthopedics,No,Stabilized & Admitted,Admitted
EM0900,L10,Kalinga Nagar,E02,Road Traffic Accident / Trauma,H12,SUM Ultimate Medicare Hospital,2026-06-21 19:17,0.0,3.0,22.9,ICU,Trauma Surgery/Orthopedics,Yes,Stabilized & Admitted,Admitted
EM0901,L15,Sundarpada,E01,Cardiac Arrest / Heart Attack,H25,AMRI Hospitals,2026-09-25 10:11,2.79,4.5,27.9,ICU,Cardiology,Yes,Stabilized & Admitted,Admitted
EM0902,L33,Janla,E05,Obstetric Emergency,H18,Vivekanand Hospital Bhubaneswar,2026-06-25 08:53,11.32,35.9,28.9,ICU,Obstetrics & Gynecology,Yes,Stabilized & Admitted,Admitted
EM0903,L28,Mancheswar,E01,Cardiac Arrest / Heart Attack,H34,Odisha Comprehensive Cancer Centre,2026-09-21 13:41,3.92,14.3,22.2,ICU,Cardiology,No,Stabilized & Admitted,Admitted
EM0904,L16,Acharya Vihar,E06,Pediatric Emergency,H02,B.M.C Hospital,2026-04-03 22:46,1.25,3.0,29.2,ICU,Pediatrics,Yes,Stabilized & Admitted,Admitted
EM0905,L05,Saheed Nagar,E04,Severe Respiratory Distress,H27,Apex Hospital,2026-04-10 03:26,1.7,10.1,33.5,ICU,Pulmonology,Yes,Stabilized & Admitted,Admitted
EM0906,L15,Sundarpada,E06,Pediatric Emergency,H16,Utkal Hospital,2026-07-24 21:28,4.15,10.0,29.9,ICU,Pediatrics,Yes,Stabilized & Admitted,Admitted
EM0907,L23,Chandaka,E02,Road Traffic Accident / Trauma,H13,KIMS / Pradyumna Bal Memorial Hospital,2026-05-31 19:01,0.0,3.0,28.4,ICU,Trauma Surgery/Orthopedics,Yes,Stabilized & Admitted,Admitted
EM0908,L25,Kalarahanga,E01,Cardiac Arrest / Heart Attack,H08,Government Hospital Chandrasekharpur,2026-09-03 04:30,3.68,11.9,24.9,ICU,Cardiology,Yes,Stabilized & Admitted,Admitted
EM0909,L09,Rasulgarh,E01,Cardiac Arrest / Heart Attack,H27,Apex Hospital,2026-06-14 14:02,0.0,3.0,25.3,ICU,Cardiology,No,Deceased,Deceased
EM0910,L27,Barimunda,E03,Stroke,H08,Government Hospital Chandrasekharpur,2026-03-04 22:55,2.93,12.0,28.0,ICU,Neurology,Yes,Stabilized & Admitted,Admitted
EM0911,L11,Baramunda,E02,Road Traffic Accident / Trauma,H04,AIIMS Bhubaneswar,2026-07-26 23:36,2.67,9.5,17.8,ICU,Trauma Surgery/Orthopedics,Yes,Referred to Another Hospital,Referred
EM0912,L39,Bolagarh,E02,Road Traffic Accident / Trauma,H12,SUM Ultimate Medicare Hospital,2026-05-26 16:33,48.06,144.1,19.4,ICU,Trauma Surgery/Orthopedics,No,Stabilized & Admitted,Admitted
EM0913,L21,Tamando,E02,Road Traffic Accident / Trauma,H01,Capital Hospital,2026-06-19 21:46,10.13,25.5,29.4,ICU,Trauma Surgery/Orthopedics,Yes,Stabilized & Admitted,Admitted
EM0914,L16,Acharya Vihar,E04,Severe Respiratory Distress,H18,Vivekanand Hospital Bhubaneswar,2026-08-21 20:24,1.73,5.4,26.8,ICU,Pulmonology,Yes,Stabilized & Admitted,Admitted
EM0915,L10,Kalinga Nagar,E01,Cardiac Arrest / Heart Attack,H12,SUM Ultimate Medicare Hospital,2026-08-04 01:00,0.0,3.8,26.8,ICU,Cardiology,Yes,Stabilized & Admitted,Admitted
EM0916,L48,Angulapada,E06,Pediatric Emergency,H19,Usthi Hospital,2026-06-29 15:55,12.72,28.8,36.8,ICU,Pediatrics,Yes,Stabilized & Admitted,Admitted
EM0917,L18,Airport Area,E06,Pediatric Emergency,H15,Aditya Ashwini Hospital,2026-05-22 07:21,1.95,9.1,36.1,ICU,Pediatrics,Yes,Stabilized & Admitted,Admitted
EM0918,L20,Dumduma,E02,Road Traffic Accident / Trauma,H23,Hi-Tech Medical College & Hospital,2026-04-27 17:41,3.78,6.0,30.4,ICU,Trauma Surgery/Orthopedics,No,Stabilized & Admitted,Admitted
EM0919,L02,Chandrasekharpur,E01,Cardiac Arrest / Heart Attack,H03,Central Hospital East Coast Railway,2026-03-21 14:28,0.0,3.7,31.7,ICU,Cardiology,Yes,Stabilized & Admitted,Admitted
EM0920,L24,Raghunathpur,E02,Road Traffic Accident / Trauma,H10,Apollo Hospitals,2026-07-06 14:20,9.09,20.9,23.9,ICU,Trauma Surgery/Orthopedics,No,Stabilized & Admitted,Admitted
EM0921,L10,Kalinga Nagar,E01,Cardiac Arrest / Heart Attack,H12,SUM Ultimate Medicare Hospital,2026-08-15 00:06,0.0,3.0,23.1,ICU,Cardiology,Yes,Stabilized & Admitted,Admitted
EM0922,L32,Sisupalgarh,E03,Stroke,H15,Aditya Ashwini Hospital,2026-07-19 00:52,3.43,7.3,23.3,ICU,Neurology,Yes,Stabilized & Admitted,Admitted
EM0923,L02,Chandrasekharpur,E06,Pediatric Emergency,H03,Central Hospital East Coast Railway,2026-08-06 20:19,0.0,3.0,26.5,ICU,Pediatrics,Yes,Treated & Discharged,OPD/Discharged
EM0924,L26,Andharua,E01,Cardiac Arrest / Heart Attack,H14,CARE Hospitals Bhubaneswar,2026-08-15 21:29,6.97,16.5,17.8,ICU,Cardiology,No,Stabilized & Admitted,Admitted
EM0925,L23,Chandaka,E02,Road Traffic Accident / Trauma,H13,KIMS / Pradyumna Bal Memorial Hospital,2026-03-14 07:54,0.0,3.0,27.5,ICU,Trauma Surgery/Orthopedics,No,Stabilized & Admitted,Admitted
EM0926,L11,Baramunda,E02,Road Traffic Accident / Trauma,H01,Capital Hospital,2026-08-06 19:30,6.1,17.5,25.0,ICU,Trauma Surgery/Orthopedics,Yes,Referred to Another Hospital,Referred
EM0927,L37,Balipatna,E03,Stroke,H26,Vikash Hospital Bhubaneswar,2026-06-24 03:06,8.79,20.4,27.8,ICU,Neurology,Yes,Stabilized & Admitted,Admitted
EM0928,L19,Jagamara,E02,Road Traffic Accident / Trauma,H12,SUM Ultimate Medicare Hospital,2026-05-27 11:53,9.51,20.6,24.9,ICU,Trauma Surgery/Orthopedics,Yes,Stabilized & Admitted,Admitted
EM0929,L25,Kalarahanga,E08,Poisoning / Overdose,H14,CARE Hospitals Bhubaneswar,2026-07-19 16:23,3.68,12.2,23.3,ICU,General Medicine/Toxicology,No,Stabilized & Admitted,Admitted
EM0930,L40,Tangi,E07,Severe Burns,H10,Apollo Hospitals,2026-04-12 15:08,29.08,64.3,18.3,ICU,Plastic Surgery/Burns Unit,Yes,Stabilized & Admitted,Admitted
EM0931,L23,Chandaka,E03,Stroke,H13,KIMS / Pradyumna Bal Memorial Hospital,2026-06-13 03:16,0.0,3.2,32.8,ICU,Neurology,No,Stabilized & Admitted,Admitted
EM0932,L33,Janla,E08,Poisoning / Overdose,H23,Hi-Tech Medical College & Hospital,2026-06-09 06:29,6.1,13.8,34.8,ICU,General Medicine/Toxicology,No,Stabilized & Admitted,Admitted
EM0933,L29,Mancheswar Industrial Area,E05,Obstetric Emergency,H02,B.M.C Hospital,2026-05-26 03:48,5.44,11.0,24.5,ICU,Obstetrics & Gynecology,No,Referred to Another Hospital,Referred
EM0934,L50,Bhimpur,E02,Road Traffic Accident / Trauma,H23,Hi-Tech Medical College & Hospital,2026-08-20 18:07,3.55,13.8,22.6,ICU,Trauma Surgery/Orthopedics,No,Stabilized & Admitted,Admitted
EM0935,L41,Banapur,E05,Obstetric Emergency,H23,Hi-Tech Medical College & Hospital,2026-08-16 18:32,71.16,157.7,24.0,ICU,Obstetrics & Gynecology,No,Stabilized & Admitted,Admitted
EM0936,L15,Sundarpada,E04,Severe Respiratory Distress,H37,Aditya Care Hospital,2026-07-14 23:03,4.0,13.7,23.6,ICU,Pulmonology,Yes,Stabilized & Admitted,Admitted
EM0937,L33,Janla,E08,Poisoning / Overdose,H19,Usthi Hospital,2026-07-28 15:59,9.29,23.7,32.3,ICU,General Medicine/Toxicology,Yes,Referred to Another Hospital,Referred
EM0938,L22,Aiginia,E06,Pediatric Emergency,H29,CDR Hospital,2026-04-15 22:37,5.15,17.3,36.2,ICU,Pediatrics,Yes,Stabilized & Admitted,Admitted
EM0939,L50,Bhimpur,E03,Stroke,H19,Usthi Hospital,2026-03-27 12:42,1.18,7.2,36.8,ICU,Neurology,Yes,Referred to Another Hospital,Referred
EM0940,L10,Kalinga Nagar,E07,Severe Burns,H12,SUM Ultimate Medicare Hospital,2026-07-08 12:26,0.0,4.2,20.1,ICU,Plastic Surgery/Burns Unit,No,Stabilized & Admitted,Admitted
EM0941,L04,Jaydev Vihar,E06,Pediatric Emergency,H11,Manipal Hospitals Bhubaneswar,2026-09-12 07:17,0.0,4.4,15.7,ICU,Pediatrics,No,Stabilized & Admitted,Admitted
EM0942,L25,Kalarahanga,E02,Road Traffic Accident / Trauma,H12,SUM Ultimate Medicare Hospital,2026-05-15 14:51,4.31,11.8,20.0,ICU,Trauma Surgery/Orthopedics,Yes,Deceased,Deceased
EM0943,L19,Jagamara,E06,Pediatric Emergency,H23,Hi-Tech Medical College & Hospital,2026-08-27 23:32,5.27,17.0,38.6,ICU,Pediatrics,No,Stabilized & Admitted,Admitted
EM0944,L16,Acharya Vihar,E02,Road Traffic Accident / Trauma,H12,SUM Ultimate Medicare Hospital,2026-05-20 22:47,3.9,13.8,27.6,ICU,Trauma Surgery/Orthopedics,No,Deceased,Deceased
EM0945,L47,Arugul,E08,Poisoning / Overdose,H23,Hi-Tech Medical College & Hospital,2026-04-21 06:39,6.1,15.0,29.0,ICU,General Medicine/Toxicology,No,Referred to Another Hospital,Referred
EM0946,L17,Aerodrome Area,E07,Severe Burns,H01,Capital Hospital,2026-08-20 04:45,3.05,9.7,33.9,ICU,Plastic Surgery/Burns Unit,Yes,Stabilized & Admitted,Admitted
EM0947,L08,Bomikhal,E01,Cardiac Arrest / Heart Attack,H17,Sunshine Hospital,2026-07-07 17:44,1.07,7.2,33.1,ICU,Cardiology,No,Stabilized & Admitted,Admitted
EM0948,L08,Bomikhal,E01,Cardiac Arrest / Heart Attack,H27,Apex Hospital,2026-09-11 11:35,1.07,5.5,25.6,ICU,Cardiology,No,Referred to Another Hospital,Referred
EM0949,L15,Sundarpada,E04,Severe Respiratory Distress,H19,Usthi Hospital,2026-08-18 22:26,3.19,10.0,32.8,ICU,Pulmonology,No,Stabilized & Admitted,Admitted
EM0950,L27,Barimunda,E06,Pediatric Emergency,H14,CARE Hospitals Bhubaneswar,2026-07-15 09:56,2.93,11.0,21.1,ICU,Pediatrics,Yes,Stabilized & Admitted,Admitted
EM0951,L37,Balipatna,E02,Road Traffic Accident / Trauma,H10,Apollo Hospitals,2026-07-12 03:01,13.62,32.7,23.7,ICU,Trauma Surgery/Orthopedics,Yes,Stabilized & Admitted,Admitted
EM0952,L37,Balipatna,E02,Road Traffic Accident / Trauma,H12,SUM Ultimate Medicare Hospital,2026-03-15 06:17,16.13,41.3,25.2,ICU,Trauma Surgery/Orthopedics,No,Stabilized & Admitted,Admitted
EM0953,L37,Balipatna,E07,Severe Burns,H04,AIIMS Bhubaneswar,2026-05-13 21:16,16.04,34.8,30.2,ICU,Plastic Surgery/Burns Unit,Yes,Stabilized & Admitted,Admitted
EM0954,L48,Angulapada,E01,Cardiac Arrest / Heart Attack,H29,CDR Hospital,2026-09-17 09:13,13.46,39.3,33.3,ICU,Cardiology,Yes,Stabilized & Admitted,Admitted
EM0955,L02,Chandrasekharpur,E05,Obstetric Emergency,H14,CARE Hospitals Bhubaneswar,2026-09-25 14:06,0.0,3.0,20.1,ICU,Obstetrics & Gynecology,Yes,Stabilized & Admitted,Admitted
EM0956,L10,Kalinga Nagar,E01,Cardiac Arrest / Heart Attack,H12,SUM Ultimate Medicare Hospital,2026-07-22 07:47,0.0,3.0,34.7,ICU,Cardiology,No,Stabilized & Admitted,Admitted
EM0957,L24,Raghunathpur,E04,Severe Respiratory Distress,H03,Central Hospital East Coast Railway,2026-07-09 22:18,3.64,9.2,16.6,ICU,Pulmonology,Yes,Stabilized & Admitted,Admitted
EM0958,L42,Balugaon,E07,Severe Burns,H12,SUM Ultimate Medicare Hospital,2026-06-06 12:26,77.01,173.9,18.4,ICU,Plastic Surgery/Burns Unit,Yes,Deceased,Deceased
EM0959,L06,Old Town,E06,Pediatric Emergency,H16,Utkal Hospital,2026-05-20 17:03,0.0,4.8,29.2,ICU,Pediatrics,Yes,Treated & Discharged,OPD/Discharged
EM0960,L03,Nayapalli,E05,Obstetric Emergency,H02,B.M.C Hospital,2026-08-06 14:53,0.58,3.0,31.9,ICU,Obstetrics & Gynecology,Yes,Treated & Discharged,OPD/Discharged
EM0961,L29,Mancheswar Industrial Area,E04,Severe Respiratory Distress,H28,Padma Hospital,2026-08-29 20:23,5.07,17.1,37.9,ICU,Pulmonology,No,Stabilized & Admitted,Admitted
EM0962,L05,Saheed Nagar,E06,Pediatric Emergency,H06,Railway Hospital Bhubaneswar,2026-08-02 06:49,1.22,4.5,36.0,ICU,Pediatrics,Yes,Stabilized & Admitted,Admitted
EM0963,L20,Dumduma,E08,Poisoning / Overdose,H29,CDR Hospital,2026-06-23 05:43,4.62,9.7,27.7,ICU,General Medicine/Toxicology,Yes,Stabilized & Admitted,Admitted
EM0964,L33,Janla,E07,Severe Burns,H12,SUM Ultimate Medicare Hospital,2026-09-05 16:07,13.86,48.8,24.8,ICU,Plastic Surgery/Burns Unit,Yes,Stabilized & Admitted,Admitted
EM0965,L29,Mancheswar Industrial Area,E08,Poisoning / Overdose,H11,Manipal Hospitals Bhubaneswar,2026-07-21 08:08,5.3,15.1,12.8,ICU,General Medicine/Toxicology,No,Treated & Discharged,OPD/Discharged
EM0966,L06,Old Town,E02,Road Traffic Accident / Trauma,H12,SUM Ultimate Medicare Hospital,2026-03-02 10:29,10.97,36.9,27.2,ICU,Trauma Surgery/Orthopedics,Yes,Stabilized & Admitted,Admitted
EM0967,L31,Dhauli,E02,Road Traffic Accident / Trauma,H23,Hi-Tech Medical College & Hospital,2026-04-09 10:38,7.78,16.7,36.8,ICU,Trauma Surgery/Orthopedics,Yes,Stabilized & Admitted,Admitted
EM0968,L17,Aerodrome Area,E01,Cardiac Arrest / Heart Attack,H16,Utkal Hospital,2026-08-05 21:19,2.31,12.0,28.4,ICU,Cardiology,No,Stabilized & Admitted,Admitted
EM0969,L12,Unit VI,E02,Road Traffic Accident / Trauma,H04,AIIMS Bhubaneswar,2026-05-31 02:50,6.1,17.3,26.5,ICU,Trauma Surgery/Orthopedics,Yes,Stabilized & Admitted,Admitted
EM0970,L38,Begunia,E01,Cardiac Arrest / Heart Attack,H29,CDR Hospital,2026-04-17 16:04,38.62,89.1,34.6,ICU,Cardiology,Yes,Referred to Another Hospital,Referred
EM0971,L48,Angulapada,E03,Stroke,H19,Usthi Hospital,2026-07-18 17:25,12.72,26.9,31.0,ICU,Neurology,No,Referred to Another Hospital,Referred
EM0972,L13,Vani Vihar,E01,Cardiac Arrest / Heart Attack,H09,Government Hospital Nayapalli,2026-04-24 21:21,1.37,3.9,34.4,ICU,Cardiology,Yes,Referred to Another Hospital,Referred
EM0973,L27,Barimunda,E05,Obstetric Emergency,H12,SUM Ultimate Medicare Hospital,2026-09-09 19:33,3.27,9.0,23.8,ICU,Obstetrics & Gynecology,Yes,Treated & Discharged,OPD/Discharged
EM0974,L26,Andharua,E05,Obstetric Emergency,H35,Ankura Hospital for Women & Children,2026-09-09 20:00,6.99,19.6,14.7,ICU,Obstetrics & Gynecology,Yes,Referred to Another Hospital,Referred
EM0975,L26,Andharua,E02,Road Traffic Accident / Trauma,H13,KIMS / Pradyumna Bal Memorial Hospital,2026-05-01 20:39,1.34,4.6,28.3,ICU,Trauma Surgery/Orthopedics,Yes,Stabilized & Admitted,Admitted
EM0976,L37,Balipatna,E01,Cardiac Arrest / Heart Attack,H27,Apex Hospital,2026-03-11 21:56,9.49,19.3,23.4,ICU,Cardiology,Yes,Referred to Another Hospital,Referred
EM0977,L02,Chandrasekharpur,E05,Obstetric Emergency,H34,Odisha Comprehensive Cancer Centre,2026-03-30 12:16,1.52,8.6,14.9,ICU,Obstetrics & Gynecology,No,Referred to Another Hospital,Referred
EM0978,L43,Chilika,E04,Severe Respiratory Distress,H19,Usthi Hospital,2026-07-11 11:32,82.09,201.2,35.8,ICU,Pulmonology,Yes,Stabilized & Admitted,Admitted
EM0979,L48,Angulapada,E02,Road Traffic Accident / Trauma,H01,Capital Hospital,2026-03-12 09:57,17.48,39.1,21.4,ICU,Trauma Surgery/Orthopedics,No,Stabilized & Admitted,Admitted
EM0980,L28,Mancheswar,E03,Stroke,H05,ESI Hospital Bhubaneswar,2026-03-22 03:10,3.96,9.4,29.9,ICU,Neurology,Yes,Referred to Another Hospital,Referred
EM0981,L27,Barimunda,E06,Pediatric Emergency,H08,Government Hospital Chandrasekharpur,2026-07-15 00:40,2.93,9.3,36.0,ICU,Pediatrics,No,Referred to Another Hospital,Referred
EM0982,L36,Balianta,E08,Poisoning / Overdose,H27,Apex Hospital,2026-09-15 06:55,7.73,27.4,26.9,ICU,General Medicine/Toxicology,Yes,Stabilized & Admitted,Admitted
EM0983,L40,Tangi,E05,Obstetric Emergency,H13,KIMS / Pradyumna Bal Memorial Hospital,2026-04-22 17:53,28.62,69.3,24.2,ICU,Obstetrics & Gynecology,Yes,Referred to Another Hospital,Referred
EM0984,L26,Andharua,E08,Poisoning / Overdose,H08,Government Hospital Chandrasekharpur,2026-09-15 13:41,6.97,20.7,40.4,ICU,General Medicine/Toxicology,Yes,Treated & Discharged,OPD/Discharged
EM0985,L49,Balianta Rural,E07,Severe Burns,H23,Hi-Tech Medical College & Hospital,2026-08-23 04:01,21.34,44.6,25.3,ICU,Plastic Surgery/Burns Unit,Yes,Stabilized & Admitted,Admitted
EM0986,L17,Aerodrome Area,E04,Severe Respiratory Distress,H07,Municipal Hospital Old Town,2026-03-23 02:03,2.31,6.2,36.6,ICU,Pulmonology,Yes,Stabilized & Admitted,Admitted
EM0987,L23,Chandaka,E01,Cardiac Arrest / Heart Attack,H14,CARE Hospitals Bhubaneswar,2026-03-19 18:52,7.61,22.4,24.4,ICU,Cardiology,Yes,Stabilized & Admitted,Admitted
EM0988,L19,Jagamara,E01,Cardiac Arrest / Heart Attack,H21,Bijaya Multispeciality Hospital,2026-06-08 14:40,3.07,8.7,33.9,ICU,Cardiology,Yes,Deceased,Deceased
EM0989,L25,Kalarahanga,E02,Road Traffic Accident / Trauma,H10,Apollo Hospitals,2026-06-08 21:07,7.12,18.9,25.8,ICU,Trauma Surgery/Orthopedics,Yes,Deceased,Deceased
EM0990,L03,Nayapalli,E02,Road Traffic Accident / Trauma,H04,AIIMS Bhubaneswar,2026-08-06 02:48,2.68,9.1,20.8,ICU,Trauma Surgery/Orthopedics,Yes,Stabilized & Admitted,Admitted
EM0991,L08,Bomikhal,E02,Road Traffic Accident / Trauma,H10,Apollo Hospitals,2026-03-19 11:59,4.84,9.1,12.4,ICU,Trauma Surgery/Orthopedics,Yes,Referred to Another Hospital,Referred
EM0992,L18,Airport Area,E02,Road Traffic Accident / Trauma,H04,AIIMS Bhubaneswar,2026-08-23 09:38,6.49,16.2,20.2,ICU,Trauma Surgery/Orthopedics,Yes,Stabilized & Admitted,Admitted
EM0993,L08,Bomikhal,E05,Obstetric Emergency,H06,Railway Hospital Bhubaneswar,2026-06-21 12:25,2.46,11.1,36.9,ICU,Obstetrics & Gynecology,Yes,Treated & Discharged,OPD/Discharged
EM0994,L09,Rasulgarh,E02,Road Traffic Accident / Trauma,H04,AIIMS Bhubaneswar,2026-04-10 17:14,6.77,12.8,18.8,ICU,Trauma Surgery/Orthopedics,Yes,Deceased,Deceased
EM0995,L31,Dhauli,E08,Poisoning / Overdose,H15,Aditya Ashwini Hospital,2026-09-21 17:18,5.42,17.3,30.8,ICU,General Medicine/Toxicology,No,Referred to Another Hospital,Referred
EM0996,L25,Kalarahanga,E08,Poisoning / Overdose,H24,Kalinga Hospital,2026-08-21 23:41,3.68,6.5,26.1,ICU,General Medicine/Toxicology,No,Stabilized & Admitted,Admitted
EM0997,L31,Dhauli,E08,Poisoning / Overdose,H07,Municipal Hospital Old Town,2026-07-20 17:09,5.14,18.4,30.2,ICU,General Medicine/Toxicology,No,Treated & Discharged,OPD/Discharged
EM0998,L20,Dumduma,E02,Road Traffic Accident / Trauma,H10,Apollo Hospitals,2026-07-31 12:34,7.9,22.4,9.3,ICU,Trauma Surgery/Orthopedics,Yes,Stabilized & Admitted,Admitted
EM0999,L24,Raghunathpur,E07,Severe Burns,H04,AIIMS Bhubaneswar,2026-04-23 23:47,9.1,20.8,30.8,ICU,Plastic Surgery/Burns Unit,Yes,Stabilized & Admitted,Admitted
EM1000,L29,Mancheswar Industrial Area,E01,Cardiac Arrest / Heart Attack,H27,Apex Hospital,2026-06-14 20:54,3.91,8.5,33.8,ICU,Cardiology,Yes,Stabilized & Admitted,Admitted
EM1001,L19,Jagamara,E03,Stroke,H25,AMRI Hospitals,2026-04-26 19:53,0.99,3.0,18.3,ICU,Neurology,No,Referred to Another Hospital,Referred
EM1002,L45,Nirakarpur,E02,Road Traffic Accident / Trauma,H04,AIIMS Bhubaneswar,2026-08-19 18:54,37.49,105.7,26.3,ICU,Trauma Surgery/Orthopedics,Yes,Stabilized & Admitted,Admitted
EM1003,L39,Bolagarh,E02,Road Traffic Accident / Trauma,H23,Hi-Tech Medical College & Hospital,2026-07-19 14:41,41.8,137.7,23.5,ICU,Trauma Surgery/Orthopedics,Yes,Referred to Another Hospital,Referred
EM1004,L36,Balianta,E01,Cardiac Arrest / Heart Attack,H28,Padma Hospital,2026-03-18 08:06,9.31,22.7,36.8,ICU,Cardiology,Yes,Stabilized & Admitted,Admitted
EM1005,L11,Baramunda,E04,Severe Respiratory Distress,H29,CDR Hospital,2026-05-24 11:08,0.0,3.0,23.7,ICU,Pulmonology,Yes,Deceased,Deceased
EM1006,L30,Lingaraj Nagar,E03,Stroke,H15,Aditya Ashwini Hospital,2026-05-12 19:04,1.39,3.0,27.5,ICU,Neurology,No,Deceased,Deceased
EM1007,L11,Baramunda,E06,Pediatric Emergency,H21,Bijaya Multispeciality Hospital,2026-06-24 10:39,0.0,3.0,27.2,ICU,Pediatrics,No,Stabilized & Admitted,Admitted
EM1008,L21,Tamando,E01,Cardiac Arrest / Heart Attack,H23,Hi-Tech Medical College & Hospital,2026-04-09 18:36,5.25,15.0,36.0,ICU,Cardiology,Yes,Stabilized & Admitted,Admitted
EM1009,L45,Nirakarpur,E05,Obstetric Emergency,H06,Railway Hospital Bhubaneswar,2026-06-18 05:00,38.0,102.1,28.6,ICU,Obstetrics & Gynecology,Yes,Treated & Discharged,OPD/Discharged
EM1010,L37,Balipatna,E02,Road Traffic Accident / Trauma,H01,Capital Hospital,2026-08-30 23:41,10.12,31.4,27.0,ICU,Trauma Surgery/Orthopedics,Yes,Stabilized & Admitted,Admitted
EM1011,L11,Baramunda,E02,Road Traffic Accident / Trauma,H23,Hi-Tech Medical College & Hospital,2026-04-04 21:46,8.3,25.3,17.2,ICU,Trauma Surgery/Orthopedics,No,Deceased,Deceased
EM1012,L15,Sundarpada,E06,Pediatric Emergency,H37,Aditya Care Hospital,2026-06-23 11:49,4.0,12.3,29.7,ICU,Pediatrics,Yes,Stabilized & Admitted,Admitted
EM1013,L24,Raghunathpur,E08,Poisoning / Overdose,H24,Kalinga Hospital,2026-04-14 20:38,3.64,11.9,17.1,ICU,General Medicine/Toxicology,Yes,Treated & Discharged,OPD/Discharged
EM1014,L03,Nayapalli,E05,Obstetric Emergency,H18,Vivekanand Hospital Bhubaneswar,2026-04-05 17:12,0.0,3.0,27.4,ICU,Obstetrics & Gynecology,Yes,Stabilized & Admitted,Admitted
EM1015,L02,Chandrasekharpur,E03,Stroke,H08,Government Hospital Chandrasekharpur,2026-03-20 23:04,0.0,4.2,39.6,ICU,Neurology,No,Stabilized & Admitted,Admitted
EM1016,L28,Mancheswar,E02,Road Traffic Accident / Trauma,H01,Capital Hospital,2026-08-09 00:52,6.5,17.5,33.6,ICU,Trauma Surgery/Orthopedics,No,Stabilized & Admitted,Admitted
EM1017,L30,Lingaraj Nagar,E04,Severe Respiratory Distress,H15,Aditya Ashwini Hospital,2026-07-30 06:58,1.39,4.2,27.4,ICU,Pulmonology,No,Referred to Another Hospital,Referred
EM1018,L05,Saheed Nagar,E07,Severe Burns,H10,Apollo Hospitals,2026-07-17 15:41,2.98,9.5,22.6,ICU,Plastic Surgery/Burns Unit,Yes,Stabilized & Admitted,Admitted
EM1019,L40,Tangi,E04,Severe Respiratory Distress,H21,Bijaya Multispeciality Hospital,2026-04-27 18:46,25.08,55.7,18.1,ICU,Pulmonology,Yes,Deceased,Deceased
EM1020,L39,Bolagarh,E05,Obstetric Emergency,H25,AMRI Hospitals,2026-07-07 16:05,42.24,88.5,17.4,ICU,Obstetrics & Gynecology,Yes,Referred to Another Hospital,Referred
EM1021,L45,Nirakarpur,E02,Road Traffic Accident / Trauma,H04,AIIMS Bhubaneswar,2026-08-17 07:54,37.49,100.3,24.3,ICU,Trauma Surgery/Orthopedics,Yes,Stabilized & Admitted,Admitted
EM1022,L01,Patia,E01,Cardiac Arrest / Heart Attack,H03,Central Hospital East Coast Railway,2026-08-23 05:48,0.78,6.5,33.8,ICU,Cardiology,No,Deceased,Deceased
EM1023,L27,Barimunda,E08,Poisoning / Overdose,H24,Kalinga Hospital,2026-04-15 18:36,2.93,8.4,24.0,ICU,General Medicine/Toxicology,No,Treated & Discharged,OPD/Discharged
EM1024,L29,Mancheswar Industrial Area,E02,Road Traffic Accident / Trauma,H10,Apollo Hospitals,2026-09-05 23:30,5.9,18.4,6.4,ICU,Trauma Surgery/Orthopedics,Yes,Deceased,Deceased
EM1025,L25,Kalarahanga,E02,Road Traffic Accident / Trauma,H12,SUM Ultimate Medicare Hospital,2026-09-11 15:14,4.31,7.1,22.1,ICU,Trauma Surgery/Orthopedics,Yes,Stabilized & Admitted,Admitted
EM1026,L25,Kalarahanga,E03,Stroke,H14,CARE Hospitals Bhubaneswar,2026-03-11 21:13,3.68,12.4,19.2,ICU,Neurology,No,Deceased,Deceased
EM1027,L41,Banapur,E07,Severe Burns,H13,KIMS / Pradyumna Bal Memorial Hospital,2026-06-08 15:58,81.14,204.6,20.2,ICU,Plastic Surgery/Burns Unit,No,Stabilized & Admitted,Admitted
EM1028,L02,Chandrasekharpur,E04,Severe Respiratory Distress,H14,CARE Hospitals Bhubaneswar,2026-08-14 10:06,0.0,3.0,12.6,ICU,Pulmonology,Yes,Referred to Another Hospital,Referred
EM1029,L45,Nirakarpur,E01,Cardiac Arrest / Heart Attack,H29,CDR Hospital,2026-05-10 23:16,34.9,80.8,28.7,ICU,Cardiology,Yes,Stabilized & Admitted,Admitted
EM1030,L08,Bomikhal,E03,Stroke,H26,Vikash Hospital Bhubaneswar,2026-06-05 20:24,0.0,3.0,35.9,ICU,Neurology,Yes,Referred to Another Hospital,Referred
EM1031,L46,Kaipadar,E04,Severe Respiratory Distress,H19,Usthi Hospital,2026-03-20 16:16,30.45,84.2,33.9,ICU,Pulmonology,Yes,Stabilized & Admitted,Admitted
EM1032,L42,Balugaon,E06,Pediatric Emergency,H23,Hi-Tech Medical College & Hospital,2026-07-11 12:22,70.06,191.0,23.1,ICU,Pediatrics,No,Treated & Discharged,OPD/Discharged
EM1033,L45,Nirakarpur,E04,Severe Respiratory Distress,H29,CDR Hospital,2026-09-19 15:56,34.9,75.7,33.1,ICU,Pulmonology,No,Referred to Another Hospital,Referred
EM1034,L04,Jaydev Vihar,E02,Road Traffic Accident / Trauma,H10,Apollo Hospitals,2026-04-05 14:10,0.68,3.1,25.9,ICU,Trauma Surgery/Orthopedics,Yes,Referred to Another Hospital,Referred
EM1035,L27,Barimunda,E04,Severe Respiratory Distress,H14,CARE Hospitals Bhubaneswar,2026-05-11 06:09,2.93,10.1,18.7,ICU,Pulmonology,Yes,Stabilized & Admitted,Admitted
EM1036,L17,Aerodrome Area,E02,Road Traffic Accident / Trauma,H01,Capital Hospital,2026-08-31 03:42,3.05,9.6,31.6,ICU,Trauma Surgery/Orthopedics,Yes,Stabilized & Admitted,Admitted
EM1037,L44,Jankia,E08,Poisoning / Overdose,H25,AMRI Hospitals,2026-09-01 03:30,23.43,71.4,14.3,ICU,General Medicine/Toxicology,Yes,Treated & Discharged,OPD/Discharged
EM1038,L02,Chandrasekharpur,E02,Road Traffic Accident / Trauma,H12,SUM Ultimate Medicare Hospital,2026-07-30 05:41,1.58,5.0,12.7,ICU,Trauma Surgery/Orthopedics,Yes,Stabilized & Admitted,Admitted
EM1039,L20,Dumduma,E06,Pediatric Emergency,H19,Usthi Hospital,2026-03-12 04:36,4.95,8.8,40.3,ICU,Pediatrics,No,Treated & Discharged,OPD/Discharged
EM1040,L03,Nayapalli,E06,Pediatric Emergency,H18,Vivekanand Hospital Bhubaneswar,2026-07-10 01:57,0.0,3.0,28.1,ICU,Pediatrics,No,Referred to Another Hospital,Referred
EM1041,L23,Chandaka,E08,Poisoning / Overdose,H13,KIMS / Pradyumna Bal Memorial Hospital,2026-05-06 05:33,0.0,3.0,23.1,ICU,General Medicine/Toxicology,Yes,Treated & Discharged,OPD/Discharged
EM1042,L21,Tamando,E03,Stroke,H29,CDR Hospital,2026-07-23 20:01,5.39,13.2,34.6,ICU,Neurology,Yes,Stabilized & Admitted,Admitted
EM1043,L47,Arugul,E04,Severe Respiratory Distress,H23,Hi-Tech Medical College & Hospital,2026-09-27 09:05,6.1,15.9,32.0,ICU,Pulmonology,No,Referred to Another Hospital,Referred
EM1044,L10,Kalinga Nagar,E04,Severe Respiratory Distress,H34,Odisha Comprehensive Cancer Centre,2026-06-29 15:10,0.08,3.0,29.0,ICU,Pulmonology,Yes,Stabilized & Admitted,Admitted
EM1045,L05,Saheed Nagar,E08,Poisoning / Overdose,H28,Padma Hospital,2026-04-06 18:52,0.0,3.0,24.5,ICU,General Medicine/Toxicology,No,Treated & Discharged,OPD/Discharged
EM1046,L23,Chandaka,E02,Road Traffic Accident / Trauma,H13,KIMS / Pradyumna Bal Memorial Hospital,2026-07-09 08:10,0.0,3.0,31.4,ICU,Trauma Surgery/Orthopedics,No,Referred to Another Hospital,Referred
EM1047,L34,Jatani,E06,Pediatric Emergency,H25,AMRI Hospitals,2026-06-25 19:37,13.22,30.1,23.0,ICU,Pediatrics,Yes,Stabilized & Admitted,Admitted
EM1048,L04,Jaydev Vihar,E04,Severe Respiratory Distress,H11,Manipal Hospitals Bhubaneswar,2026-04-03 03:01,0.0,3.0,15.1,ICU,Pulmonology,Yes,Stabilized & Admitted,Admitted
EM1049,L27,Barimunda,E02,Road Traffic Accident / Trauma,H12,SUM Ultimate Medicare Hospital,2026-07-08 21:26,3.27,13.6,20.0,ICU,Trauma Surgery/Orthopedics,No,Referred to Another Hospital,Referred
EM1050,L29,Mancheswar Industrial Area,E06,Pediatric Emergency,H28,Padma Hospital,2026-04-15 15:57,5.07,13.1,29.9,ICU,Pediatrics,Yes,Stabilized & Admitted,Admitted
EM1051,L11,Baramunda,E01,Cardiac Arrest / Heart Attack,H04,AIIMS Bhubaneswar,2026-09-17 17:32,2.67,4.6,21.0,ICU,Cardiology,No,Stabilized & Admitted,Admitted
EM1052,L32,Sisupalgarh,E08,Poisoning / Overdose,H15,Aditya Ashwini Hospital,2026-08-16 04:57,3.43,6.3,21.5,ICU,General Medicine/Toxicology,Yes,Stabilized & Admitted,Admitted
EM1053,L15,Sundarpada,E05,Obstetric Emergency,H25,AMRI Hospitals,2026-09-15 21:41,2.79,10.4,18.7,ICU,Obstetrics & Gynecology,No,Treated & Discharged,OPD/Discharged
EM1054,L08,Bomikhal,E04,Severe Respiratory Distress,H17,Sunshine Hospital,2026-03-12 22:33,1.07,3.7,22.3,ICU,Pulmonology,No,Stabilized & Admitted,Admitted
EM1055,L03,Nayapalli,E01,Cardiac Arrest / Heart Attack,H09,Government Hospital Nayapalli,2026-07-02 12:22,0.0,4.6,29.3,ICU,Cardiology,Yes,Referred to Another Hospital,Referred
EM1056,L10,Kalinga Nagar,E02,Road Traffic Accident / Trauma,H12,SUM Ultimate Medicare Hospital,2026-09-11 22:36,0.0,3.2,28.6,ICU,Trauma Surgery/Orthopedics,No,Stabilized & Admitted,Admitted
EM1057,L08,Bomikhal,E02,Road Traffic Accident / Trauma,H10,Apollo Hospitals,2026-07-01 07:58,4.84,14.1,17.5,ICU,Trauma Surgery/Orthopedics,Yes,Deceased,Deceased
EM1058,L44,Jankia,E08,Poisoning / Overdose,H25,AMRI Hospitals,2026-07-18 13:16,23.43,49.6,27.8,ICU,General Medicine/Toxicology,Yes,Treated & Discharged,OPD/Discharged
EM1059,L17,Aerodrome Area,E07,Severe Burns,H10,Apollo Hospitals,2026-09-19 00:36,5.23,18.4,21.5,ICU,Plastic Surgery/Burns Unit,Yes,Deceased,Deceased
EM1060,L29,Mancheswar Industrial Area,E01,Cardiac Arrest / Heart Attack,H28,Padma Hospital,2026-06-05 20:13,5.07,14.2,33.4,ICU,Cardiology,No,Stabilized & Admitted,Admitted
EM1061,L24,Raghunathpur,E01,Cardiac Arrest / Heart Attack,H35,Ankura Hospital for Women & Children,2026-06-01 03:09,2.86,6.7,23.2,ICU,Cardiology,Yes,Referred to Another Hospital,Referred
EM1062,L03,Nayapalli,E02,Road Traffic Accident / Trauma,H10,Apollo Hospitals,2026-05-06 17:27,0.34,3.0,23.3,ICU,Trauma Surgery/Orthopedics,Yes,Stabilized & Admitted,Admitted
EM1063,L48,Angulapada,E01,Cardiac Arrest / Heart Attack,H21,Bijaya Multispeciality Hospital,2026-08-22 12:48,13.46,34.9,30.5,ICU,Cardiology,Yes,Stabilized & Admitted,Admitted
EM1064,L17,Aerodrome Area,E02,Road Traffic Accident / Trauma,H04,AIIMS Bhubaneswar,2026-07-21 15:11,6.36,20.5,26.7,ICU,Trauma Surgery/Orthopedics,Yes,Stabilized & Admitted,Admitted
EM1065,L15,Sundarpada,E01,Cardiac Arrest / Heart Attack,H19,Usthi Hospital,2026-05-04 09:36,3.19,10.4,34.0,ICU,Cardiology,Yes,Stabilized & Admitted,Admitted
EM1066,L47,Arugul,E06,Pediatric Emergency,H23,Hi-Tech Medical College & Hospital,2026-09-05 04:54,6.1,19.5,20.9,ICU,Pediatrics,Yes,Stabilized & Admitted,Admitted
EM1067,L49,Balianta Rural,E07,Severe Burns,H04,AIIMS Bhubaneswar,2026-04-28 14:50,19.25,39.6,28.6,ICU,Plastic Surgery/Burns Unit,No,Stabilized & Admitted,Admitted
EM1068,L31,Dhauli,E02,Road Traffic Accident / Trauma,H12,SUM Ultimate Medicare Hospital,2026-04-24 16:25,16.11,35.8,20.6,ICU,Trauma Surgery/Orthopedics,Yes,Deceased,Deceased
EM1069,L19,Jagamara,E03,Stroke,H25,AMRI Hospitals,2026-08-05 22:43,0.99,5.8,23.2,ICU,Neurology,Yes,Deceased,Deceased
EM1070,L28,Mancheswar,E08,Poisoning / Overdose,H11,Manipal Hospitals Bhubaneswar,2026-08-10 00:51,4.39,9.1,15.1,ICU,General Medicine/Toxicology,Yes,Referred to Another Hospital,Referred
EM1071,L35,Khordha,E05,Obstetric Emergency,H18,Vivekanand Hospital Bhubaneswar,2026-08-01 13:05,24.64,76.4,35.8,ICU,Obstetrics & Gynecology,Yes,Stabilized & Admitted,Admitted
EM1072,L36,Balianta,E06,Pediatric Emergency,H20,IGKC Multispecialty Hospital,2026-03-21 19:02,8.94,28.1,30.5,ICU,Pediatrics,Yes,Referred to Another Hospital,Referred
EM1073,L21,Tamando,E06,Pediatric Emergency,H23,Hi-Tech Medical College & Hospital,2026-06-11 19:41,5.25,16.3,25.0,ICU,Pediatrics,Yes,Referred to Another Hospital,Referred
EM1074,L04,Jaydev Vihar,E02,Road Traffic Accident / Trauma,H01,Capital Hospital,2026-07-31 01:49,3.59,11.9,28.5,ICU,Trauma Surgery/Orthopedics,Yes,Stabilized & Admitted,Admitted
EM1075,L44,Jankia,E02,Road Traffic Accident / Trauma,H13,KIMS / Pradyumna Bal Memorial Hospital,2026-06-21 00:12,26.49,59.6,27.8,ICU,Trauma Surgery/Orthopedics,No,Stabilized & Admitted,Admitted
EM1076,L27,Barimunda,E05,Obstetric Emergency,H12,SUM Ultimate Medicare Hospital,2026-07-11 09:12,3.27,11.5,27.6,ICU,Obstetrics & Gynecology,No,Stabilized & Admitted,Admitted
EM1077,L32,Sisupalgarh,E01,Cardiac Arrest / Heart Attack,H07,Municipal Hospital Old Town,2026-07-11 22:14,3.18,12.6,34.6,ICU,Cardiology,Yes,Stabilized & Admitted,Admitted
EM1078,L14,Pokhariput,E01,Cardiac Arrest / Heart Attack,H18,Vivekanand Hospital Bhubaneswar,2026-06-01 07:41,4.87,14.2,19.8,ICU,Cardiology,Yes,Deceased,Deceased
EM1079,L32,Sisupalgarh,E02,Road Traffic Accident / Trauma,H04,AIIMS Bhubaneswar,2026-05-10 12:22,11.51,37.5,26.9,ICU,Trauma Surgery/Orthopedics,Yes,Stabilized & Admitted,Admitted
EM1080,L09,Rasulgarh,E01,Cardiac Arrest / Heart Attack,H26,Vikash Hospital Bhubaneswar,2026-04-21 16:00,1.07,3.3,27.6,ICU,Cardiology,No,Stabilized & Admitted,Admitted
EM1081,L09,Rasulgarh,E06,Pediatric Emergency,H17,Sunshine Hospital,2026-03-24 17:18,0.0,3.0,24.0,ICU,Pediatrics,No,Referred to Another Hospital,Referred
EM1082,L06,Old Town,E04,Severe Respiratory Distress,H15,Aditya Ashwini Hospital,2026-07-28 11:22,0.29,3.0,33.2,ICU,Pulmonology,Yes,Stabilized & Admitted,Admitted
EM1083,L22,Aiginia,E01,Cardiac Arrest / Heart Attack,H29,CDR Hospital,2026-08-03 06:29,5.15,10.4,36.2,ICU,Cardiology,No,Stabilized & Admitted,Admitted
EM1084,L33,Janla,E02,Road Traffic Accident / Trauma,H10,Apollo Hospitals,2026-05-06 05:26,11.41,25.5,19.8,ICU,Trauma Surgery/Orthopedics,Yes,Stabilized & Admitted,Admitted
EM1085,L42,Balugaon,E04,Severe Respiratory Distress,H25,AMRI Hospitals,2026-07-07 09:21,71.0,178.9,18.2,ICU,Pulmonology,No,Stabilized & Admitted,Admitted
EM1086,L44,Jankia,E05,Obstetric Emergency,H21,Bijaya Multispeciality Hospital,2026-05-05 17:52,24.81,54.3,22.2,ICU,Obstetrics & Gynecology,No,Stabilized & Admitted,Admitted
EM1087,L47,Arugul,E06,Pediatric Emergency,H25,AMRI Hospitals,2026-06-22 12:36,11.0,23.7,21.5,ICU,Pediatrics,Yes,Stabilized & Admitted,Admitted
EM1088,L08,Bomikhal,E05,Obstetric Emergency,H11,Manipal Hospitals Bhubaneswar,2026-05-26 14:43,4.25,10.4,12.7,ICU,Obstetrics & Gynecology,Yes,Stabilized & Admitted,Admitted
EM1089,L17,Aerodrome Area,E08,Poisoning / Overdose,H37,Aditya Care Hospital,2026-03-08 15:07,2.06,7.4,29.1,ICU,General Medicine/Toxicology,No,Stabilized & Admitted,Admitted
EM1090,L47,Arugul,E05,Obstetric Emergency,H06,Railway Hospital Bhubaneswar,2026-09-18 07:43,15.93,46.0,31.3,ICU,Obstetrics & Gynecology,Yes,Stabilized & Admitted,Admitted
EM1091,L42,Balugaon,E06,Pediatric Emergency,H29,CDR Hospital,2026-06-14 11:33,72.4,168.1,29.8,ICU,Pediatrics,No,Stabilized & Admitted,Admitted
EM1092,L12,Unit VI,E02,Road Traffic Accident / Trauma,H01,Capital Hospital,2026-05-07 07:18,0.0,3.0,28.5,ICU,Trauma Surgery/Orthopedics,No,Stabilized & Admitted,Admitted
EM1093,L29,Mancheswar Industrial Area,E02,Road Traffic Accident / Trauma,H13,KIMS / Pradyumna Bal Memorial Hospital,2026-09-27 10:04,13.92,46.4,31.4,ICU,Trauma Surgery/Orthopedics,Yes,Stabilized & Admitted,Admitted
EM1094,L36,Balianta,E08,Poisoning / Overdose,H20,IGKC Multispecialty Hospital,2026-05-20 11:13,8.94,21.0,30.7,ICU,General Medicine/Toxicology,No,Stabilized & Admitted,Admitted
EM1095,L01,Patia,E01,Cardiac Arrest / Heart Attack,H08,Government Hospital Chandrasekharpur,2026-09-08 21:59,0.78,3.0,41.1,ICU,Cardiology,Yes,Referred to Another Hospital,Referred
EM1096,L09,Rasulgarh,E02,Road Traffic Accident / Trauma,H04,AIIMS Bhubaneswar,2026-04-21 07:47,6.77,15.5,21.9,ICU,Trauma Surgery/Orthopedics,No,Stabilized & Admitted,Admitted
EM1097,L11,Baramunda,E01,Cardiac Arrest / Heart Attack,H29,CDR Hospital,2026-04-28 06:53,0.0,3.0,30.0,ICU,Cardiology,Yes,Stabilized & Admitted,Admitted
EM1098,L40,Tangi,E04,Severe Respiratory Distress,H29,CDR Hospital,2026-04-09 03:07,25.08,74.0,32.7,ICU,Pulmonology,No,Referred to Another Hospital,Referred
EM1099,L18,Airport Area,E06,Pediatric Emergency,H16,Utkal Hospital,2026-08-17 15:39,2.2,7.3,26.6,ICU,Pediatrics,Yes,Referred to Another Hospital,Referred
EM1100,L10,Kalinga Nagar,E02,Road Traffic Accident / Trauma,H12,SUM Ultimate Medicare Hospital,2026-03-11 15:23,0.0,4.0,20.2,ICU,Trauma Surgery/Orthopedics,Yes,Stabilized & Admitted,Admitted
EM1101,L27,Barimunda,E01,Cardiac Arrest / Heart Attack,H08,Government Hospital Chandrasekharpur,2026-07-26 08:31,2.93,8.4,27.8,ICU,Cardiology,No,Deceased,Deceased
EM1102,L33,Janla,E05,Obstetric Emergency,H23,Hi-Tech Medical College & Hospital,2026-07-09 08:25,6.1,21.5,24.3,ICU,Obstetrics & Gynecology,No,Treated & Discharged,OPD/Discharged
EM1103,L47,Arugul,E07,Severe Burns,H10,Apollo Hospitals,2026-03-14 16:51,17.03,51.5,18.6,ICU,Plastic Surgery/Burns Unit,Yes,Stabilized & Admitted,Admitted
EM1104,L21,Tamando,E02,Road Traffic Accident / Trauma,H04,AIIMS Bhubaneswar,2026-03-09 16:22,7.95,25.2,18.7,ICU,Trauma Surgery/Orthopedics,No,Deceased,Deceased
EM1105,L33,Janla,E08,Poisoning / Overdose,H19,Usthi Hospital,2026-04-14 14:07,9.29,27.3,35.6,ICU,General Medicine/Toxicology,Yes,Treated & Discharged,OPD/Discharged
EM1106,L35,Khordha,E03,Stroke,H25,AMRI Hospitals,2026-08-24 00:00,18.56,43.4,17.9,ICU,Neurology,No,Stabilized & Admitted,Admitted
EM1107,L18,Airport Area,E05,Obstetric Emergency,H06,Railway Hospital Bhubaneswar,2026-03-26 10:23,3.08,7.7,31.0,ICU,Obstetrics & Gynecology,Yes,Stabilized & Admitted,Admitted
EM1108,L10,Kalinga Nagar,E02,Road Traffic Accident / Trauma,H12,SUM Ultimate Medicare Hospital,2026-07-19 08:15,0.0,3.0,32.2,ICU,Trauma Surgery/Orthopedics,Yes,Stabilized & Admitted,Admitted
EM1109,L09,Rasulgarh,E03,Stroke,H17,Sunshine Hospital,2026-05-27 11:11,0.0,4.7,26.3,ICU,Neurology,Yes,Referred to Another Hospital,Referred
EM1110,L24,Raghunathpur,E07,Severe Burns,H10,Apollo Hospitals,2026-08-27 11:23,9.09,22.2,18.2,ICU,Plastic Surgery/Burns Unit,Yes,Stabilized & Admitted,Admitted
EM1111,L17,Aerodrome Area,E03,Stroke,H06,Railway Hospital Bhubaneswar,2026-04-16 18:08,3.02,6.4,35.8,ICU,Neurology,Yes,Stabilized & Admitted,Admitted
EM1112,L23,Chandaka,E06,Pediatric Emergency,H13,KIMS / Pradyumna Bal Memorial Hospital,2026-09-25 03:46,0.0,3.0,29.9,ICU,Pediatrics,No,Treated & Discharged,OPD/Discharged
EM1113,L48,Angulapada,E02,Road Traffic Accident / Trauma,H10,Apollo Hospitals,2026-06-19 12:12,17.31,48.6,16.9,ICU,Trauma Surgery/Orthopedics,Yes,Deceased,Deceased
EM1114,L37,Balipatna,E01,Cardiac Arrest / Heart Attack,H17,Sunshine Hospital,2026-04-08 15:51,9.49,33.5,25.4,ICU,Cardiology,No,Stabilized & Admitted,Admitted
EM1115,L17,Aerodrome Area,E01,Cardiac Arrest / Heart Attack,H37,Aditya Care Hospital,2026-04-04 20:33,2.06,7.8,34.4,ICU,Cardiology,No,Stabilized & Admitted,Admitted
EM1116,L32,Sisupalgarh,E01,Cardiac Arrest / Heart Attack,H07,Municipal Hospital Old Town,2026-07-03 09:16,3.18,8.0,33.4,ICU,Cardiology,Yes,Stabilized & Admitted,Admitted
EM1117,L36,Balianta,E06,Pediatric Emergency,H17,Sunshine Hospital,2026-06-10 03:44,7.73,20.7,33.0,ICU,Pediatrics,Yes,Referred to Another Hospital,Referred
EM1118,L35,Khordha,E03,Stroke,H21,Bijaya Multispeciality Hospital,2026-05-05 15:53,20.75,61.9,30.9,ICU,Neurology,Yes,Deceased,Deceased
EM1119,L02,Chandrasekharpur,E01,Cardiac Arrest / Heart Attack,H08,Government Hospital Chandrasekharpur,2026-05-25 08:23,0.0,3.0,19.7,ICU,Cardiology,No,Deceased,Deceased
EM1120,L06,Old Town,E02,Road Traffic Accident / Trauma,H04,AIIMS Bhubaneswar,2026-09-24 08:22,8.53,24.8,24.7,ICU,Trauma Surgery/Orthopedics,Yes,Referred to Another Hospital,Referred
EM1121,L39,Bolagarh,E06,Pediatric Emergency,H13,KIMS / Pradyumna Bal Memorial Hospital,2026-08-21 19:12,43.47,141.9,23.6,ICU,Pediatrics,Yes,Referred to Another Hospital,Referred
EM1122,L42,Balugaon,E06,Pediatric Emergency,H21,Bijaya Multispeciality Hospital,2026-07-16 05:49,72.4,176.9,18.8,ICU,Pediatrics,Yes,Stabilized & Admitted,Admitted
EM1123,L05,Saheed Nagar,E01,Cardiac Arrest / Heart Attack,H06,Railway Hospital Bhubaneswar,2026-07-09 15:49,1.22,3.7,24.1,ICU,Cardiology,Yes,Referred to Another Hospital,Referred
EM1124,L11,Baramunda,E04,Severe Respiratory Distress,H29,CDR Hospital,2026-06-06 19:18,0.0,4.2,36.4,ICU,Pulmonology,No,Stabilized & Admitted,Admitted
EM1125,L23,Chandaka,E02,Road Traffic Accident / Trauma,H13,KIMS / Pradyumna Bal Memorial Hospital,2026-04-12 20:51,0.0,4.7,20.8,ICU,Trauma Surgery/Orthopedics,No,Deceased,Deceased
EM1126,L20,Dumduma,E01,Cardiac Arrest / Heart Attack,H25,AMRI Hospitals,2026-08-04 18:25,1.83,4.7,18.0,ICU,Cardiology,Yes,Stabilized & Admitted,Admitted
EM1127,L41,Banapur,E06,Pediatric Emergency,H29,CDR Hospital,2026-04-11 10:14,76.71,161.8,37.1,ICU,Pediatrics,Yes,Stabilized & Admitted,Admitted
EM1128,L20,Dumduma,E06,Pediatric Emergency,H19,Usthi Hospital,2026-08-29 08:38,4.95,16.2,29.8,ICU,Pediatrics,No,Stabilized & Admitted,Admitted
EM1129,L50,Bhimpur,E06,Pediatric Emergency,H07,Municipal Hospital Old Town,2026-06-22 11:47,3.81,8.8,31.1,ICU,Pediatrics,No,Stabilized & Admitted,Admitted
EM1130,L48,Angulapada,E04,Severe Respiratory Distress,H25,AMRI Hospitals,2026-06-14 05:11,10.99,31.1,27.1,ICU,Pulmonology,Yes,Stabilized & Admitted,Admitted
EM1131,L47,Arugul,E02,Road Traffic Accident / Trauma,H10,Apollo Hospitals,2026-04-30 21:16,17.03,35.0,18.1,ICU,Trauma Surgery/Orthopedics,Yes,Stabilized & Admitted,Admitted
EM1132,L40,Tangi,E02,Road Traffic Accident / Trauma,H04,AIIMS Bhubaneswar,2026-03-21 06:10,27.15,58.5,20.6,ICU,Trauma Surgery/Orthopedics,Yes,Stabilized & Admitted,Admitted
EM1133,L12,Unit VI,E06,Pediatric Emergency,H01,Capital Hospital,2026-06-30 17:03,0.0,3.0,23.8,ICU,Pediatrics,No,Stabilized & Admitted,Admitted
EM1134,L15,Sundarpada,E06,Pediatric Emergency,H15,Aditya Ashwini Hospital,2026-09-12 02:06,4.0,13.9,35.9,ICU,Pediatrics,Yes,Referred to Another Hospital,Referred
EM1135,L43,Chilika,E03,Stroke,H29,CDR Hospital,2026-08-15 12:19,83.55,236.1,38.5,ICU,Neurology,Yes,Stabilized & Admitted,Admitted
EM1136,L32,Sisupalgarh,E05,Obstetric Emergency,H23,Hi-Tech Medical College & Hospital,2026-06-22 20:08,9.25,29.9,30.0,ICU,Obstetrics & Gynecology,No,Referred to Another Hospital,Referred
EM1137,L35,Khordha,E01,Cardiac Arrest / Heart Attack,H19,Usthi Hospital,2026-03-08 01:42,20.67,67.2,32.4,ICU,Cardiology,No,Stabilized & Admitted,Admitted
EM1138,L30,Lingaraj Nagar,E02,Road Traffic Accident / Trauma,H04,AIIMS Bhubaneswar,2026-06-30 14:55,6.87,22.9,31.4,ICU,Trauma Surgery/Orthopedics,No,Deceased,Deceased
EM1139,L12,Unit VI,E03,Stroke,H06,Railway Hospital Bhubaneswar,2026-06-22 04:44,0.69,3.0,26.5,ICU,Neurology,No,Stabilized & Admitted,Admitted
EM1140,L13,Vani Vihar,E03,Stroke,H02,B.M.C Hospital,2026-06-25 20:47,0.78,4.0,19.3,ICU,Neurology,Yes,Deceased,Deceased
EM1141,L26,Andharua,E05,Obstetric Emergency,H03,Central Hospital East Coast Railway,2026-07-13 20:40,6.97,18.3,24.1,ICU,Obstetrics & Gynecology,Yes,Treated & Discharged,OPD/Discharged
EM1142,L37,Balipatna,E01,Cardiac Arrest / Heart Attack,H26,Vikash Hospital Bhubaneswar,2026-07-02 17:14,8.79,26.0,28.7,ICU,Cardiology,Yes,Stabilized & Admitted,Admitted
EM1143,L41,Banapur,E05,Obstetric Emergency,H04,AIIMS Bhubaneswar,2026-06-02 13:16,79.08,172.7,25.1,ICU,Obstetrics & Gynecology,Yes,Stabilized & Admitted,Admitted
EM1144,L29,Mancheswar Industrial Area,E03,Stroke,H17,Sunshine Hospital,2026-07-12 04:22,3.91,9.9,31.2,ICU,Neurology,Yes,Stabilized & Admitted,Admitted
EM1145,L16,Acharya Vihar,E02,Road Traffic Accident / Trauma,H04,AIIMS Bhubaneswar,2026-08-24 15:48,4.02,13.0,28.3,ICU,Trauma Surgery/Orthopedics,No,Stabilized & Admitted,Admitted
EM1146,L36,Balianta,E02,Road Traffic Accident / Trauma,H10,Apollo Hospitals,2026-06-19 09:38,11.98,28.4,21.1,ICU,Trauma Surgery/Orthopedics,Yes,Referred to Another Hospital,Referred
EM1147,L36,Balianta,E02,Road Traffic Accident / Trauma,H01,Capital Hospital,2026-06-04 06:26,9.4,25.2,28.5,ICU,Trauma Surgery/Orthopedics,Yes,Stabilized & Admitted,Admitted
EM1148,L18,Airport Area,E05,Obstetric Emergency,H06,Railway Hospital Bhubaneswar,2026-05-03 05:45,3.08,7.5,41.2,ICU,Obstetrics & Gynecology,Yes,Treated & Discharged,OPD/Discharged
EM1149,L10,Kalinga Nagar,E08,Poisoning / Overdose,H05,ESI Hospital Bhubaneswar,2026-06-05 07:16,0.0,3.0,46.1,ICU,General Medicine/Toxicology,Yes,Stabilized & Admitted,Admitted
EM1150,L05,Saheed Nagar,E02,Road Traffic Accident / Trauma,H01,Capital Hospital,2026-07-11 19:51,1.48,7.1,28.2,ICU,Trauma Surgery/Orthopedics,No,Stabilized & Admitted,Admitted
EM1151,L28,Mancheswar,E05,Obstetric Emergency,H12,SUM Ultimate Medicare Hospital,2026-08-14 23:34,3.96,8.9,27.5,ICU,Obstetrics & Gynecology,Yes,Treated & Discharged,OPD/Discharged
EM1152,L43,Chilika,E04,Severe Respiratory Distress,H21,Bijaya Multispeciality Hospital,2026-03-18 05:08,83.55,181.8,25.1,ICU,Pulmonology,Yes,Stabilized & Admitted,Admitted
EM1153,L07,Khandagiri,E06,Pediatric Emergency,H21,Bijaya Multispeciality Hospital,2026-08-06 14:17,2.8,10.3,24.7,ICU,Pediatrics,No,Stabilized & Admitted,Admitted
EM1154,L14,Pokhariput,E07,Severe Burns,H04,AIIMS Bhubaneswar,2026-05-22 00:09,4.55,11.8,25.5,ICU,Plastic Surgery/Burns Unit,Yes,Referred to Another Hospital,Referred
EM1155,L01,Patia,E02,Road Traffic Accident / Trauma,H12,SUM Ultimate Medicare Hospital,2026-04-17 03:18,2.35,9.3,26.0,ICU,Trauma Surgery/Orthopedics,Yes,Stabilized & Admitted,Admitted
EM1156,L50,Bhimpur,E06,Pediatric Emergency,H19,Usthi Hospital,2026-09-03 00:14,1.18,6.3,40.4,ICU,Pediatrics,No,Stabilized & Admitted,Admitted
EM1157,L04,Jaydev Vihar,E05,Obstetric Emergency,H18,Vivekanand Hospital Bhubaneswar,2026-04-25 10:26,0.66,3.0,18.5,ICU,Obstetrics & Gynecology,Yes,Treated & Discharged,OPD/Discharged
EM1158,L50,Bhimpur,E06,Pediatric Emergency,H15,Aditya Ashwini Hospital,2026-06-04 14:44,3.83,14.2,33.3,ICU,Pediatrics,No,Stabilized & Admitted,Admitted
EM1159,L45,Nirakarpur,E01,Cardiac Arrest / Heart Attack,H25,AMRI Hospitals,2026-09-09 04:03,32.29,70.8,25.8,ICU,Cardiology,Yes,Deceased,Deceased
EM1160,L17,Aerodrome Area,E01,Cardiac Arrest / Heart Attack,H37,Aditya Care Hospital,2026-07-18 15:11,2.06,6.6,29.5,ICU,Cardiology,No,Stabilized & Admitted,Admitted
EM1161,L40,Tangi,E03,Stroke,H25,AMRI Hospitals,2026-09-26 12:53,23.27,72.6,19.3,ICU,Neurology,Yes,Stabilized & Admitted,Admitted
EM1162,L11,Baramunda,E02,Road Traffic Accident / Trauma,H01,Capital Hospital,2026-08-30 07:24,6.1,25.0,31.9,ICU,Trauma Surgery/Orthopedics,Yes,Stabilized & Admitted,Admitted
EM1163,L32,Sisupalgarh,E08,Poisoning / Overdose,H37,Aditya Care Hospital,2026-09-05 01:12,3.43,8.7,31.6,ICU,General Medicine/Toxicology,Yes,Stabilized & Admitted,Admitted
EM1164,L07,Khandagiri,E04,Severe Respiratory Distress,H25,AMRI Hospitals,2026-07-12 21:13,0.0,3.4,31.6,ICU,Pulmonology,No,Stabilized & Admitted,Admitted
EM1165,L10,Kalinga Nagar,E02,Road Traffic Accident / Trauma,H12,SUM Ultimate Medicare Hospital,2026-05-19 10:10,0.0,3.0,27.7,ICU,Trauma Surgery/Orthopedics,Yes,Stabilized & Admitted,Admitted
EM1166,L46,Kaipadar,E01,Cardiac Arrest / Heart Attack,H29,CDR Hospital,2026-07-19 16:07,29.38,67.3,41.1,ICU,Cardiology,Yes,Referred to Another Hospital,Referred
EM1167,L16,Acharya Vihar,E04,Severe Respiratory Distress,H10,Apollo Hospitals,2026-04-20 11:56,1.69,7.3,18.5,ICU,Pulmonology,Yes,Referred to Another Hospital,Referred
EM1168,L25,Kalarahanga,E01,Cardiac Arrest / Heart Attack,H14,CARE Hospitals Bhubaneswar,2026-03-29 07:40,3.68,14.5,19.9,ICU,Cardiology,Yes,Stabilized & Admitted,Admitted
EM1169,L39,Bolagarh,E04,Severe Respiratory Distress,H25,AMRI Hospitals,2026-09-20 08:37,42.24,107.3,11.6,ICU,Pulmonology,Yes,Referred to Another Hospital,Referred
EM1170,L05,Saheed Nagar,E04,Severe Respiratory Distress,H28,Padma Hospital,2026-03-03 01:37,0.0,3.5,24.2,ICU,Pulmonology,No,Stabilized & Admitted,Admitted
EM1171,L29,Mancheswar Industrial Area,E08,Poisoning / Overdose,H26,Vikash Hospital Bhubaneswar,2026-07-31 04:23,4.88,12.0,29.9,ICU,General Medicine/Toxicology,No,Stabilized & Admitted,Admitted
EM1172,L09,Rasulgarh,E01,Cardiac Arrest / Heart Attack,H17,Sunshine Hospital,2026-07-06 02:43,0.0,3.0,27.5,ICU,Cardiology,Yes,Stabilized & Admitted,Admitted
EM1173,L46,Kaipadar,E04,Severe Respiratory Distress,H21,Bijaya Multispeciality Hospital,2026-09-11 20:03,29.38,73.9,35.1,ICU,Pulmonology,Yes,Referred to Another Hospital,Referred
EM1174,L39,Bolagarh,E03,Stroke,H23,Hi-Tech Medical College & Hospital,2026-08-27 17:50,41.8,136.5,30.8,ICU,Neurology,Yes,Stabilized & Admitted,Admitted
EM1175,L29,Mancheswar Industrial Area,E01,Cardiac Arrest / Heart Attack,H27,Apex Hospital,2026-05-21 17:50,3.91,13.6,27.6,ICU,Cardiology,Yes,Stabilized & Admitted,Admitted
EM1176,L45,Nirakarpur,E06,Pediatric Emergency,H29,CDR Hospital,2026-06-21 23:12,34.9,81.8,32.1,ICU,Pediatrics,Yes,Stabilized & Admitted,Admitted
EM1177,L01,Patia,E08,Poisoning / Overdose,H14,CARE Hospitals Bhubaneswar,2026-09-02 04:16,0.78,3.2,19.3,ICU,General Medicine/Toxicology,No,Stabilized & Admitted,Admitted
EM1178,L03,Nayapalli,E02,Road Traffic Accident / Trauma,H01,Capital Hospital,2026-06-21 17:18,3.64,9.0,24.3,ICU,Trauma Surgery/Orthopedics,No,Stabilized & Admitted,Admitted
EM1179,L06,Old Town,E02,Road Traffic Accident / Trauma,H04,AIIMS Bhubaneswar,2026-07-24 05:34,8.53,22.3,31.5,ICU,Trauma Surgery/Orthopedics,No,Stabilized & Admitted,Admitted
EM1180,L39,Bolagarh,E06,Pediatric Emergency,H23,Hi-Tech Medical College & Hospital,2026-05-10 19:58,41.8,116.2,32.9,ICU,Pediatrics,Yes,Stabilized & Admitted,Admitted
EM1181,L18,Airport Area,E02,Road Traffic Accident / Trauma,H10,Apollo Hospitals,2026-07-14 04:28,5.34,10.4,14.1,ICU,Trauma Surgery/Orthopedics,Yes,Stabilized & Admitted,Admitted
EM1182,L11,Baramunda,E01,Cardiac Arrest / Heart Attack,H21,Bijaya Multispeciality Hospital,2026-06-02 14:00,0.0,3.0,33.1,ICU,Cardiology,No,Stabilized & Admitted,Admitted
EM1183,L48,Angulapada,E04,Severe Respiratory Distress,H29,CDR Hospital,2026-09-04 05:56,13.46,31.1,35.5,ICU,Pulmonology,Yes,Referred to Another Hospital,Referred
EM1184,L46,Kaipadar,E02,Road Traffic Accident / Trauma,H13,KIMS / Pradyumna Bal Memorial Hospital,2026-09-15 19:15,32.43,110.8,25.1,ICU,Trauma Surgery/Orthopedics,Yes,Stabilized & Admitted,Admitted
EM1185,L33,Janla,E01,Cardiac Arrest / Heart Attack,H25,AMRI Hospitals,2026-07-16 12:12,5.34,13.1,36.6,ICU,Cardiology,No,Referred to Another Hospital,Referred
EM1186,L05,Saheed Nagar,E03,Stroke,H28,Padma Hospital,2026-07-20 04:39,0.0,3.0,30.3,ICU,Neurology,No,Referred to Another Hospital,Referred
EM1187,L08,Bomikhal,E05,Obstetric Emergency,H02,B.M.C Hospital,2026-05-22 03:06,4.09,12.3,31.9,ICU,Obstetrics & Gynecology,Yes,Treated & Discharged,OPD/Discharged
EM1188,L07,Khandagiri,E02,Road Traffic Accident / Trauma,H04,AIIMS Bhubaneswar,2026-04-03 05:55,5.47,12.0,21.2,ICU,Trauma Surgery/Orthopedics,No,Stabilized & Admitted,Admitted
EM1189,L16,Acharya Vihar,E02,Road Traffic Accident / Trauma,H10,Apollo Hospitals,2026-04-19 03:02,1.69,4.3,6.9,ICU,Trauma Surgery/Orthopedics,No,Stabilized & Admitted,Admitted
EM1190,L01,Patia,E03,Stroke,H35,Ankura Hospital for Women & Children,2026-08-16 15:33,0.0,3.9,20.8,ICU,Neurology,No,Referred to Another Hospital,Referred
EM1191,L13,Vani Vihar,E02,Road Traffic Accident / Trauma,H10,Apollo Hospitals,2026-03-13 11:14,1.49,5.6,19.6,ICU,Trauma Surgery/Orthopedics,No,Stabilized & Admitted,Admitted
EM1192,L43,Chilika,E03,Stroke,H21,Bijaya Multispeciality Hospital,2026-04-23 20:31,83.55,196.9,32.5,ICU,Neurology,No,Stabilized & Admitted,Admitted
EM1193,L48,Angulapada,E03,Stroke,H29,CDR Hospital,2026-06-28 20:03,13.46,31.5,31.7,ICU,Neurology,No,Stabilized & Admitted,Admitted
EM1194,L32,Sisupalgarh,E02,Road Traffic Accident / Trauma,H04,AIIMS Bhubaneswar,2026-06-15 11:50,11.51,34.1,19.2,ICU,Trauma Surgery/Orthopedics,No,Stabilized & Admitted,Admitted
EM1195,L38,Begunia,E01,Cardiac Arrest / Heart Attack,H23,Hi-Tech Medical College & Hospital,2026-05-08 16:02,35.64,84.5,25.0,ICU,Cardiology,Yes,Stabilized & Admitted,Admitted
EM1196,L14,Pokhariput,E02,Road Traffic Accident / Trauma,H04,AIIMS Bhubaneswar,2026-03-20 06:33,4.55,14.0,29.5,ICU,Trauma Surgery/Orthopedics,Yes,Deceased,Deceased
EM1197,L04,Jaydev Vihar,E01,Cardiac Arrest / Heart Attack,H02,B.M.C Hospital,2026-07-15 12:12,0.3,4.0,27.7,ICU,Cardiology,No,Stabilized & Admitted,Admitted
EM1198,L16,Acharya Vihar,E02,Road Traffic Accident / Trauma,H01,Capital Hospital,2026-07-24 20:11,3.79,13.8,27.6,ICU,Trauma Surgery/Orthopedics,No,Referred to Another Hospital,Referred
EM1199,L35,Khordha,E01,Cardiac Arrest / Heart Attack,H25,AMRI Hospitals,2026-09-08 03:49,18.56,47.0,23.2,ICU,Cardiology,No,Stabilized & Admitted,Admitted
EM1200,L39,Bolagarh,E02,Road Traffic Accident / Trauma,H10,Apollo Hospitals,2026-06-26 22:42,47.36,111.2,25.1,ICU,Trauma Surgery/Orthopedics,No,Stabilized & Admitted,Admitted
